job_id,source,sector,title,company,description,full_description,education,experience,contract,region,skills,date,url
1,Emploitunisie,informatique,Développeur Dot Net - El Mourouj,EDP TUNISIE,"Nous sommes à la recherche des  Développeurs Dot Net.    Missions :    Vous avez l’aptitude technique à déployer les différentes composantes du projet et à définir son architecture  Vous êtes responsable de la bonne conduite des projets, auxquels vous êtes affectés,   Vous procédez, en avant-garde, à trouver des solutions aux problèmes technique  Vous êtes responsable d’étudier, prévoir et analyser les besoins techniques des projets auxquels vous êtes affectés  Vous êtes tenu à respecter les standards de qualité du code","Nous sommes à la recherche desDéveloppeurs Dot Net.Missions :Vous avez l’aptitude technique à déployer les différentes composantes du projet et à définir son architectureVous êtes responsable de la bonne conduite des projets, auxquels vous êtes affectés,Vous procédez, en avant-garde, à trouver des solutions aux problèmes techniqueVous êtes responsable d’étudier, prévoir et analyser les besoins techniques des projets auxquels vous êtes affectésVous êtes tenu à respecter les standards de qualité du code",Débutant < 2 ans,Débutant < 2 ans,CDI,Ariana - Ben Arous & Tunis,ASP - C# - DEVEXPRESS - LINQ - MVC - NET - SQL - VB - VB NET,2025-11-26,https://www.emploitunisie.com/offre-emploi-tunisie/developpeur-dot-net-el-mourouj-315490
2,Emploitunisie,informatique,Ingénieur(e) Data Scientist - Tunis,ENNOPULSE,"ENNOLAB recrute un(e)  Ingénieur(e) Data Scientist  – Secteur Automobile – Tunisie.  Vous êtes passionné(e) par la data, la modélisation et l’innovation automobile ?   Vous souhaitez transformer des milliers de données issues d’essais, de bancs de tests et de simulations en informations techniques exploitables pour concevoir les véhicules de demain ?   Rejoignez ENNOLAB, acteur engagé dans la digitalisation et la performance de l’ingénierie automobile.    Vos missions   Intégré(e) au sein du pôle Data & Simulation, vous participerez à la valorisation des données issues des activités de R&D.    Vos principales missions seront :    Collecter, structurer et analyser les...","ENNOLAB recrute un(e)Ingénieur(e) Data Scientist– Secteur Automobile – Tunisie.Vous êtes passionné(e) par la data, la modélisation et l’innovation automobile ?Vous souhaitez transformer des milliers de données issues d’essais, de bancs de tests et de simulations en informations techniques exploitables pour concevoir les véhicules de demain ?Rejoignez ENNOLAB, acteur engagé dans la digitalisation et la performance de l’ingénierie automobile.Vos missionsIntégré(e) au sein du pôle Data & Simulation, vous participerez à la valorisation des données issues des activités de R&D.Vos principales missions seront :Collecter, structurer et analyser les données issues d’essais véhicules et de simulations numériques ;Développer des algorithmes de machine learning pour la prédiction et l’optimisation de performances ;Concevoir des scripts et outils d’automatisation en Python ;Mettre en place des tableaux de bord et visualisations interactives ;Collaborer avec les équipes essais, calcul et conception pour transformer les données en indicateurs utiles.",Débutant < 2 ans & Expérience entre 2 ans et 5 ans,Débutant < 2 ans & Expérience entre 2 ans et 5 ans,CDI,Tunis,AGILE - GIT - PYTHON,2025-11-26,https://www.emploitunisie.com/offre-emploi-tunisie/ingenieure-data-scientist-tunis-322457
3,Emploitunisie,informatique,Administrateur Réseau et Système - Tunis,Smart Intelligent Technology,"Dans le cadre de notre développement, nous recherchons un(e)  Administrateur(trice) Réseau & Système  expérimenté(e), capable d’évoluer dans des environnements techniques complexes, en Tunisie comme à l’étranger.   Vos missions principales :    Configurer et administrer les équipements réseau : routeurs, switches, serveurs physiques et virtuels  Gérer des solutions de stockage : DAS, SAN  Assurer l’administration des systèmes Windows  Contribuer activement à la sécurité des infrastructures (vidéosurveillance, contrôle d’accès, électronique de sécurité…)  Participer à des projets techniques déployés à l’international    Ce que nous offrons :    Des projets techniques stimulants en Tunisie...","Dans le cadre de notre développement, nous recherchons un(e) Administrateur(trice) Réseau & Système expérimenté(e), capable d’évoluer dans des environnements techniques complexes, en Tunisie comme à l’étranger.Vos missions principales :Configurer et administrer les équipements réseau : routeurs, switches, serveurs physiques et virtuelsGérer des solutions de stockage : DAS, SANAssurer l’administration des systèmes WindowsContribuer activement à la sécurité des infrastructures (vidéosurveillance, contrôle d’accès, électronique de sécurité…)Participer à des projets techniques déployés à l’internationalCe que nous offrons :Des projets techniques stimulants en Tunisie et à l’internationalUne équipe engagée et passionnée par la techDes opportunités d’évolution selon vos ambitions",Débutant < 2 ans et plus,Débutant < 2 ans et plus,CDI,Ariana - Ben Arous - Manouba & Tunis,N/A,2025-11-26,https://www.emploitunisie.com/offre-emploi-tunisie/administrateur-reseau-systeme-tunis-312568
4,Emploitunisie,informatique,Ingénieur Réseau/Cloud - Télétravail,PALMA TALENTS,"Nous recherchons  un  Ingénieur Réseau/Cloud  talentueux et passionné spécialisé dans  de la conception, de la mise en place et de la maintenance des infrastructures réseau et cloud d’une organisation. Il assurera la connectivité, la performance et la sécurité des systèmes tout en optimisant les ressources cloud (AWS, Azure, Google Cloud, etc.).","Nous recherchons  unIngénieur Réseau/Cloudtalentueux et passionné spécialisé dans  de la conception, de la mise en place et de la maintenance des infrastructures réseau et cloud d’une organisation. Il assurera la connectivité, la performance et la sécurité des systèmes tout en optimisant les ressources cloud (AWS, Azure, Google Cloud, etc.).",Expérience entre 2 ans et 5 ans et plus,Expérience entre 2 ans et 5 ans et plus,CDD,Mahdia - Monastir - Sidi Bouzid - Tataouine & International,ARUBA - AZURE - BASH - CISCO - DHCP - DNS - HPE - JUNIPER - LINUX - PAAS - PYTHON - TCP IP - VPN - WAN,2025-11-26,https://www.emploitunisie.com/offre-emploi-tunisie/ingenieur-reseaucloud-teletravail-333938
5,Emploitunisie,informatique,Spécialiste Abacus - Mahdia,TSI NETWORK,"Nous sommes à la recherche d'un  Spécialiste Abacus.    Missions    Piloter des projets complexes de déploiement Abacus chez nos clients.  Paramétrer et intégrer les modules avancés (Finance, RH, CRM, Projets, Logistique).  Assurer les interfaces avec des systèmes tiers via AbaConnect, AbaImpex, API REST.  Migrer et consolider des données provenant d’anciens ERP (Winbiz, Sage, Crésus, etc.).  Encadrer les key users et assurer la formation des équipes clients.  Produire la documentation technique et fonctionnelle.","Nous sommes à la recherche d'unSpécialiste Abacus.MissionsPiloter des projets complexes de déploiement Abacus chez nos clients.Paramétrer et intégrer les modules avancés (Finance, RH, CRM, Projets, Logistique).Assurer les interfaces avec des systèmes tiers via AbaConnect, AbaImpex, API REST.Migrer et consolider des données provenant d’anciens ERP (Winbiz, Sage, Crésus, etc.).Encadrer les key users et assurer la formation des équipes clients.Produire la documentation technique et fonctionnelle.",Expérience entre 2 ans et 5 ans et plus,Expérience entre 2 ans et 5 ans et plus,CDI & CDD,Mahdia,AGILE - API - ITIL - REST - SAGE - SQL - Virtualisation,2025-11-26,https://www.emploitunisie.com/offre-emploi-tunisie/specialiste-abacus-mahdia-316159
6,Emploitunisie,finance,Responsable Administrative Polyvalente - Sousse,STAFFING TUNISIA,"Vous êtes une personne rigoureuse, organisée et à l’aise avec la gestion administrative dans toutes ses dimensions ? Ce poste est fait pour vous !  Nous sommes à la recherche d'un  Responsable Administrative Polyvalente.    Vos missions :    Gérer les volets comptabilité, recouvrement, RH, facturation et administration générale  Maîtriser les déclarations CNSS, les bulletins de paie, et les relances clients  Être un soutien opérationnel clé dans le fonctionnement quotidien de la structure","Vous êtes une personne rigoureuse, organisée et à l’aise avec la gestion administrative dans toutes ses dimensions ? Ce poste est fait pour vous !Nous sommes à la recherche d'unResponsable Administrative Polyvalente.Vos missions :Gérer les volets comptabilité, recouvrement, RH, facturation et administration généraleMaîtriser les déclarations CNSS, les bulletins de paie, et les relances clientsÊtre un soutien opérationnel clé dans le fonctionnement quotidien de la structure",Expérience entre 2 ans et 5 ans,Expérience entre 2 ans et 5 ans,CDI,Sousse,Comptabilité - Facturation - Finance - Formation - Gestion - Gestion Administrative - Management - Recouvrement,2025-11-26,https://www.emploitunisie.com/offre-emploi-tunisie/responsable-administrative-polyvalente-sousse-323650
7,Emploitunisie,finance,"Comptable / comptabilité française - Mutuelle Ville 19, Avenue Jugurtha",CCSAV,"Notre client est à la recherche d’un  Comptable  parfaitement francophone possédant au moins d’une année d’expérience en comptabilité française pour se joindre à notre équipe dynamique. Le candidat idéal doit être capable de travailler de manière autonome, avoir une excellente attention aux détails et être désireux d’apprendre et de se développer au sein de notre entreprise.","Notre client est à la recherche d’unComptableparfaitement francophone possédant au moins d’une année d’expérience en comptabilité française pour se joindre à notre équipe dynamique. Le candidat idéal doit être capable de travailler de manière autonome, avoir une excellente attention aux détails et être désireux d’apprendre et de se développer au sein de notre entreprise.",Expérience entre 2 ans et 5 ans et plus,Expérience entre 2 ans et 5 ans et plus,CDI,Tunis,Comptabilité - Finance - Gestion - Recouvrement,2025-11-26,https://www.emploitunisie.com/offre-emploi-tunisie/comptable-comptabilite-francaise-mutuelle-ville-19-avenue-jugurtha-323974
8,Emploitunisie,finance,Aide-Magasinier - Sousse,Groupe Médical les Oliviers,"Nous sommes à la recherche d'un  Aide-Magasinier.    Missions principales :    Réceptionner, contrôler et enregistrer les articles/produits.  Assurer le rangement, l’organisation et le suivi des stocks.  Préparer les commandes destinées aux différents services de la clinique.  Participer aux inventaires réguliers et assurer la fiabilité des données de stock.  Respecter les procédures internes ainsi que les normes de sécurité et d’hygiène.","Nous sommes à la recherche d'unAide-Magasinier.Missions principales :Réceptionner, contrôler et enregistrer les articles/produits.Assurer le rangement, l’organisation et le suivi des stocks.Préparer les commandes destinées aux différents services de la clinique.Participer aux inventaires réguliers et assurer la fiabilité des données de stock.Respecter les procédures internes ainsi que les normes de sécurité et d’hygiène.",Débutant < 2 ans et plus,Débutant < 2 ans et plus,CDI,Sousse,BTP - Comptabilité - Finance - Gestion,2025-11-26,https://www.emploitunisie.com/offre-emploi-tunisie/aide-magasinier-sousse-326060
9,Emploitunisie,finance,Chef Atelier - Tunis,ONE DAY DECO,"Description du poste :   Nous recherchons un  Chef d’Atelier  expérimenté pour encadrer et gérer la production dans notre usine de menuiserie. Le candidat retenu sera responsable de l’organisation, de la supervision des équipes, du respect des délais et de la qualité des produits.   Missions principales :    Planifier et coordonner les travaux de production.  Encadrer, former et motiver l’équipe d’ouvriers.  Assurer le contrôle de la qualité et le respect des normes de sécurité.  Veiller à l’entretien des machines et du matériel.  Gérer les stocks de matières premières et optimiser l’utilisation des ressources.  Collaborer avec le bureau d’études et le service commercial pour garantir...","Description du poste :Nous recherchons unChef d’Atelierexpérimenté pour encadrer et gérer la production dans notre usine de menuiserie. Le candidat retenu sera responsable de l’organisation, de la supervision des équipes, du respect des délais et de la qualité des produits.Missions principales :Planifier et coordonner les travaux de production.Encadrer, former et motiver l’équipe d’ouvriers.Assurer le contrôle de la qualité et le respect des normes de sécurité.Veiller à l’entretien des machines et du matériel.Gérer les stocks de matières premières et optimiser l’utilisation des ressources.Collaborer avec le bureau d’études et le service commercial pour garantir la satisfaction client.",Expérience entre 2 ans et 5 ans et plus,Expérience entre 2 ans et 5 ans et plus,CDD,Ariana,Comptabilité - Finance - Gestion - Machines - Maintenance - Menuiserie - Production - Qualité,2025-11-26,https://www.emploitunisie.com/offre-emploi-tunisie/chef-atelier-tunis-308422
10,Emploitunisie,finance,Assistant(e) de Gestion - Manar 2,SOCIETE CONTADOR GENERAL,"Contador Général est une structure en plein développement, spécialisée dans la vente de tous produits (Des marchés publics TUNEPS). Pour renforcer notre équipe administrative, nous recherchons un(e)  Assistant(e) de Gestion  polyvalent(e) et rigoureux(se).   Vos missions     Gérer les appels d'offres (TUNEPS), courriers et emails entrants.    Assurer le suivi des factures clients et fournisseurs (saisie, relances, paiements).    Participer à la préparation des dossiers comptables.    Rédiger divers documents (notes, comptes-rendus, rapports).     Ce que nous offrons     Un poste polyvalent avec de réelles responsabilités.    Un environnement de travail stable et convivial.    Possibilité d’évolution interne.","Contador Général est une structure en plein développement, spécialisée dans la vente de tous produits (Des marchés publics TUNEPS). Pour renforcer notre équipe administrative, nous recherchons un(e)Assistant(e) de Gestionpolyvalent(e) et rigoureux(se).Vos missionsGérer les appels d'offres (TUNEPS), courriers et emails entrants.Assurer le suivi des factures clients et fournisseurs (saisie, relances, paiements).Participer à la préparation des dossiers comptables.Rédiger divers documents (notes, comptes-rendus, rapports).Ce que nous offronsUn poste polyvalent avec de réelles responsabilités.Un environnement de travail stable et convivial.Possibilité d’évolution interne.",Débutant < 2 ans et plus,Débutant < 2 ans et plus,CDI & CDD,Ariana & Tunis,Administration - Assistanat - Comptabilité - Dossiers - Finance - Gestion - Marchés Publics - Pack Office - Secrétariat,2025-11-26,https://www.emploitunisie.com/offre-emploi-tunisie/assistante-gestion-manar-2-335416
11,Emploitunisie,vente,Commercial Quincaillerie - Menzel Bouzelfa Nabeul,UNI.CONFORT,Nous sommes à la recherche d'un  Commercial Quincaillerie.    Les tâches:    Accueillir les clients au comptoir du point de vente   Identifier les besoins des clients et proposer les produits adaptés.  Vendre des produits en mettant en valeur leurs aspects techniques   Saisir les ventes et éditer les documents commerciaux  Suivi des e-mail clients.  Préparer les devis clients  Gérer les commandes des clients   Organiser la présentation des produits   Préparer les commandes inter dépôt  Tenir le comptoir propre et organisé,Nous sommes à la recherche d'unCommercial Quincaillerie.Les tâches:Accueillir les clients au comptoir du point de venteIdentifier les besoins des clients et proposer les produits adaptés.Vendre des produits en mettant en valeur leurs aspects techniquesSaisir les ventes et éditer les documents commerciauxSuivi des e-mail clients.Préparer les devis clientsGérer les commandes des clientsOrganiser la présentation des produitsPréparer les commandes inter dépôtTenir le comptoir propre et organisé,"Etudiant, jeune diplômé","Etudiant, jeune diplômé",CDI & Stage,Nabeul,BTP - Devis - Vente,2025-11-26,https://www.emploitunisie.com/offre-emploi-tunisie/commercial-menzel-bouzelfa-nabeul-327276
12,Emploitunisie,vente,Commercial(e) Expérimenté(e) – Domaine capillaire - Tunis,L'ORAMEL PURE CARE,"Dans le cadre de notre développement, nous recherchons en urgence un(e)  Commercial(e) Expérimenté(e)  spécialisé(e) dans le domaine capillaire, avec une expertise particulière dans le lissage capillaire.   Missions :    Prospection et développement d’un portefeuille client (salons de coiffures, parfumeries, grossistes…)  Présentation et vente de notre gamme de produits capillaires   Suivi client et fidélisation  Participation à des démonstrations ou événements professionnels si besoin","Dans le cadre de notre développement, nous recherchons en urgence un(e)Commercial(e) Expérimenté(e)spécialisé(e) dans le domaine capillaire, avec une expertise particulière dans le lissage capillaire.Missions :Prospection et développement d’un portefeuille client (salons de coiffures, parfumeries, grossistes…)Présentation et vente de notre gamme de produits capillairesSuivi client et fidélisationParticipation à des démonstrations ou événements professionnels si besoin",Expérience entre 2 ans et 5 ans et plus,Expérience entre 2 ans et 5 ans et plus,"CDI, CDD & Intérim",Tunis & International,Communication - Marketing - Négociation - Prospection - Vente,2025-11-26,https://www.emploitunisie.com/offre-emploi-tunisie/commerciale-experimentee-domaine-capillaire-tunis-309787
13,Emploitunisie,vente,Commerciale  - Montplaisir Centre Pacha,KARMA SOLUTION,"Vous êtes dynamique, ambitieux(se) et avez le goût du challenge ? Rejoignez notre équipe en tant que  Commercial(e)  et participez au développement de notre activité !   Vos missions :    Prospecter et fidéliser une clientèle B2B/B2C  Développer et gérer un portefeuille clients  Analyser les besoins et proposer des solutions adaptées  Assurer le suivi des offres et la négociation des contrats  Atteindre les objectifs de vente fixés","Vous êtes dynamique, ambitieux(se) et avez le goût du challenge ? Rejoignez notre équipe en tant queCommercial(e)et participez au développement de notre activité !Vos missions :Prospecter et fidéliser une clientèle B2B/B2CDévelopper et gérer un portefeuille clientsAnalyser les besoins et proposer des solutions adaptéesAssurer le suivi des offres et la négociation des contratsAtteindre les objectifs de vente fixés","Etudiant, jeune diplômé et plus","Etudiant, jeune diplômé et plus",CDI & CDD,Ariana - Ben Arous - Manouba & Tunis,Gestion Commerciale - Marketing - Négociation - Télémarketing - Vente,2025-11-26,https://www.emploitunisie.com/offre-emploi-tunisie/commerciale-montplaisir-centre-pacha-332115
14,Emploitunisie,vente,Commercial(e) Senior – Décoration Intérieure/Extérieure - Tunis,RANDOM WALKERS,"Nous recherchons un(e)  Commercial(e) Senior  spécialisé(e) dans la vente de solutions décoratives intérieures et extérieures, capable de gérer des clients exigeants et de développer des relations durables avec des partenaires en France et à l’international.   Missions :    Expertise produit :• Maîtriser rapidement les caractéristiques et avantages des gammes décoratives Dartank.  Participer aux formations internes pour approfondir vos connaissances techniques et commerciales.  Développement commercial :• Prospecter et fidéliser une clientèle professionnelle (architectes, décorateurs, promoteurs, distributeurs).  Gérer des clients grands comptes et assurer un suivi personnalisé.  Développer les ventes en B2B et...","Nous recherchons un(e)Commercial(e) Seniorspécialisé(e) dans la vente de solutions décoratives intérieures et extérieures, capable de gérer des clients exigeants et de développer des relations durables avec des partenaires en France et à l’international.Missions :Expertise produit :• Maîtriser rapidement les caractéristiques et avantages des gammes décoratives Dartank.Participer aux formations internes pour approfondir vos connaissances techniques et commerciales.Développement commercial :• Prospecter et fidéliser une clientèle professionnelle (architectes, décorateurs, promoteurs, distributeurs).Gérer des clients grands comptes et assurer un suivi personnalisé.Développer les ventes en B2B et B2C, avec une forte orientation résultats.Préparer des présentations et propositions commerciales adaptées aux besoins des clients.Établir des devis, négocier les conditions et répondre aux appels d’offres.",Expérience entre 5 ans et 10 ans & Expérience > 10 ans,Expérience entre 5 ans et 10 ans & Expérience > 10 ans,CDI & Freelance,Tunis & International,Actions Commerciales - CRM - Développement Commercial - Devis - Gestion de la Force de Vente - Gestion des Ventes - Négociation - Vente,2025-11-26,https://www.emploitunisie.com/offre-emploi-tunisie/commerciale-senior-decoration-interieureexterieure-tunis-328471
15,Emploitunisie,vente,Vendeur - la Soukra,ALL FOR PETS,Vous êtes passionné(e) du monde des animaux de compagnie.Votre sens du service et votre esprit d’équipe sont des points forts.Vous avez un goût prononcé pour la vente et les challenges. Vous êtes dynamique et vous aimez le contact client. ALL FOR PETS recherche pour ses besoins de service un  Vendeur H/F  sur Soukra.   Missions :    Conseiller vos clients dans leurs choix et répondez aux besoins de chacun d’entre eux  Assurer une mise en rayon qualitative et garantissez la disponibilité des produits.,Vous êtes passionné(e) du monde des animaux de compagnie.Votre sens du service et votre esprit d’équipe sont des points forts.Vous avez un goût prononcé pour la vente et les challenges. Vous êtes dynamique et vous aimez le contact client.ALL FOR PETS recherche pour ses besoins de service unVendeur H/Fsur Soukra.Missions :Conseiller vos clients dans leurs choix et répondez aux besoins de chacun d’entre euxAssurer une mise en rayon qualitative et garantissez la disponibilité des produits.,Débutant < 2 ans et plus,Débutant < 2 ans et plus,CDI,Ariana & Tunis,Communication - Marketing - Vente,2025-11-26,https://www.emploitunisie.com/offre-emploi-tunisie/vendeur-soukra-307649
16,Emploitunisie,santé,Chargé(e) Client (Customer Assistant)  - Tunis,VETS RESEAU D'EXPERT,"À propos de VETS Clinic   Rejoindre VETS, c’est intégrer le premier réseau de cliniques vétérinaires d’excellence en Tunisie, engagé dans une médecine moderne, éthique et fondée sur les preuves. Nos cliniques allient technologie de pointe, protocoles standardisés et culture d’équipe inspirée des meilleures pratiques internationales, pour offrir à chaque animal une prise en charge irréprochable et humaine   Votre mission   En tant que Chargé·e Client (Customer Assistant), vous êtes le premier contact de nos clients et un maillon essentiel de la qualité d’expérience VETS. Vos missions incluent :    Accueillir, écouter et orienter les clients avec professionnalisme et bienveillance.    Gérer les...","À propos de VETS ClinicRejoindre VETS, c’est intégrer le premier réseau de cliniques vétérinaires d’excellence en Tunisie, engagé dans une médecine moderne, éthique et fondée sur les preuves. Nos cliniques allient technologie de pointe, protocoles standardisés et culture d’équipe inspirée des meilleures pratiques internationales, pour offrir à chaque animal une prise en charge irréprochable et humaineVotre missionEn tant que Chargé·e Client (Customer Assistant), vous êtes le premier contact de nos clients et un maillon essentiel de la qualité d’expérience VETS.Vos missions incluent :Accueillir, écouter et orienter les clients avec professionnalisme et bienveillance.Gérer les appels téléphoniques, la prise de rendez-vous et le suivi administratif des visites.Assister les équipes médicales et d’accueil dans la coordination quotidienne.Assurer la bonne tenue du front office et la fluidité du parcours client.Gérer les situations d’urgence ou de forte affluence avec calme et efficacité.","Etudiant, jeune diplômé et plus","Etudiant, jeune diplômé et plus","CDI, Intérim, Stage, Freelance, Temps partiel & Statutaire",Tunis,Assistanat - Suivi Administratif - Vente,2025-11-26,https://www.emploitunisie.com/offre-emploi-tunisie/chargee-client-customer-assistant-tunis-328883
17,Emploitunisie,santé,Chargé(e) / Conseiller(ère) Clientèle en Assurances - Tunis,GAT ASSURANCES,"Une  agence d’assurances  située à  Tunis Lac  recherche un(e)  Conseiller(ère) Clientèle  pour renforcer son équipe.   Missions principales :    Accueillir, conseiller et accompagner les clients dans leurs besoins en assurance (auto, habitation, santé, prévoyance, etc.)  Proposer des solutions adaptées aux profils et aux attentes des clients  Gérer les contrats (souscriptions, modifications, résiliations)  Suivre les dossiers clients et assurer un service après-vente de qualité  Participer à des actions commerciales pour fidéliser et développer le portefeuille clients","Uneagence d’assurancessituée àTunis Lacrecherche un(e)Conseiller(ère) Clientèlepour renforcer son équipe.Missions principales :Accueillir, conseiller et accompagner les clients dans leurs besoins en assurance (auto, habitation, santé, prévoyance, etc.)Proposer des solutions adaptées aux profils et aux attentes des clientsGérer les contrats (souscriptions, modifications, résiliations)Suivre les dossiers clients et assurer un service après-vente de qualitéParticiper à des actions commerciales pour fidéliser et développer le portefeuille clients",Expérience entre 2 ans et 5 ans et plus,Expérience entre 2 ans et 5 ans et plus,CDI & CDD,Tunis,Communication - Comptabilité - Gestion - Marketing,2025-11-26,https://www.emploitunisie.com/offre-emploi-tunisie/chargee-conseillerere-clientele-assurances-tunis-308938
18,Emploitunisie,management,Courtier(ère) en Énergie B2B (Télétravail) - France,GRID ENERGIES,"GRID ÉNERGIES, acteur majeur et en pleine croissance du courtage en énergie pour les professionnels, recrute des  Conseillers Commerciaux B2B (H/F)  dotés d'un fort tempérament commercial. Vous maîtrisez la prospection, visez une rémunération d'exception et cherchez à devenir un expert du marché de l'énergie ? Rejoignez notre équipe en télétravail.   Vos Missions :   L'Optimisation Énergétique au Service des Professionnels En tant que Courtier B2B, vous êtes le consultant privilégié de nos clients entreprises (PME/PMI, ETI) sur leurs contrats Gaz et Électricité :   Chasse et Développement : Constituer et développer activement votre portefeuille client via des outils de prospection performants.  Analyse...","GRID ÉNERGIES, acteur majeur et en pleine croissance du courtage en énergie pour les professionnels, recrute desConseillers Commerciaux B2B (H/F)dotés d'un fort tempérament commercial.Vous maîtrisez la prospection, visez une rémunération d'exception et cherchez à devenir un expert du marché de l'énergie ? Rejoignez notre équipe en télétravail.Vos Missions :L'Optimisation Énergétique au Service des ProfessionnelsEn tant que Courtier B2B, vous êtes le consultant privilégié de nos clients entreprises (PME/PMI, ETI) sur leurs contrats Gaz et Électricité :Chasse et Développement : Constituer et développer activement votre portefeuille client via des outils de prospection performants.Analyse Stratégique : Réaliser des diagnostics précis de consommation et identifier les meilleures opportunités d'économie.Négociation Experte : Solliciter les fournisseurs partenaires et négocier les offres les plus avantageuses pour vos clients.Accompagnement Client : Assurer le suivi et la fidélisation de votre clientèle, de la signature au renouvellement.Notre Offre : Performance et FlexibilitéNous vous donnons les moyens de vos ambitions :Rémunération Ultra-Compétitive :Statut Salarié (CDI/CDD) : Fixe + Commissions Déplafonnées pour récompenser pleinement vos résultats.Statut Indépendant (Agent Commercial) : Forte Commission pour maximiser vos revenus.Outils Fournis et Qualifiés : Ligne téléphonique, accès au CRM et fichiers de prospection sont mis à votre disposition pour vous concentrer sur la vente.Formation Solide : Une formation initiale intensive d'une semaine à nos process et au marché de l'énergie, suivie d'un accompagnement continu par nos experts.Télétravail : Poste en télétravail total, garantissant flexibilité et autonomie.","Etudiant, jeune diplômé et plus","Etudiant, jeune diplômé et plus",Freelance,International,Analyse Stratégique - CRM - Management - Négociation - Prospection - Vente,2025-11-26,https://www.emploitunisie.com/offre-emploi-tunisie/courtierere-energie-b2b-teletravail-france-324605
19,Emploitunisie,management,Ingénieur(e) d’Affaires – Responsable d’Activité - Tunis,RS UNIVERS CONSULTING,"À propos de RS Univers Consulting   RS Univers Consulting accompagne les acteurs majeurs de l’industrie et du transport en leur mettant à disposition des expertises techniques qualifiées. Dans le cadre de notre croissance, nous recrutons un(e)  Ingénieur(e) d’Affaires – Responsable d’Activité  pour renforcer notre présence en France et au Moyen-Orient.  Ce poste s’adresse à un(e) professionnel(le)  ambitieux(se) , orienté(e)  résultats , capable de gérer un périmètre stratégique mêlant  développement commercial ,  recrutement  et  pilotage financier , avec  autonomie, rigueur, persévérance  et  esprit d’initiative .   Vos missions    Développement commercial     Développer un portefeuille...","À propos de RS Univers ConsultingRS Univers Consulting accompagne les acteurs majeurs de l’industrie et du transport en leur mettant à disposition des expertises techniques qualifiées.Dans le cadre de notre croissance, nous recrutons un(e)Ingénieur(e) d’Affaires – Responsable d’Activitépour renforcer notre présence en France et au Moyen-Orient.Ce poste s’adresse à un(e) professionnel(le)ambitieux(se), orienté(e)résultats, capable de gérer un périmètre stratégique mêlantdéveloppement commercial,recrutementetpilotage financier, avecautonomie, rigueur, persévéranceetesprit d’initiative.Vos missionsDéveloppement commercialDévelopper un portefeuille clients B2B dans les secteurs industriels et transportPiloter le cycle de vente complet : prospection, qualification, offres, négociation, closingAssurer la satisfaction client et développer des relations durablesRecrutement et gestion des ressourcesIdentifier et recruter les profils techniques adaptésGérer l’intégration et le suivi opérationnel des équipes en missionAnimer et fidéliser votre équipe techniquePilotage d’activité et gestion financièreGérer les contrats, les missions et la facturationSuivre la trésorerie, les marges et la rentabilité de votre activitéContribuer au suivi des objectifs commerciaux et financiersContribution stratégiqueParticiper au développement de l’activité sur la France et le Moyen-OrientIdentifier les opportunités marché et proposer des axes de croissanceReprésenter RS Univers Consulting auprès des clients et partenairesPourquoi rejoindre RS Univers Consulting ?Package attractif: fixe + variable déplafonné + primes + avantagesPoste stratégiqueavec autonomie et responsabilitésÉvolution rapidepossible vers des postes de managementProjets concrets avecclients industriels de premier planMéritocratie: performances reconnues et récompensées",Expérience entre 2 ans et 5 ans et plus,Expérience entre 2 ans et 5 ans et plus,CDI,Tunis & International,Business Development - Développement Commercial - Facturation - Gestion - Industrie - Management - Négociation - Production - Prospection - Prospection Commerciale - Qualité - Vente,2025-11-26,https://www.emploitunisie.com/offre-emploi-tunisie/ingenieure-affaires-responsable-activite-tunis-318952
20,Emploitunisie,management,Vendeur(se) - Tunis,SPORT EXPERT BEN ZAIED DISTRIBUTION BABOLAT,"Nous recherchons un(e)  Vendeur(se)  dynamique, motivé(e) et passionné(e) par les sports de raquettes pour rejoindre notre équipe. Si vous aimez conseiller les clients, partager votre passion pour les sports tels que le tennis, le badminton, le squash ou le padel, et souhaitez travailler dans un environnement stimulant et varié, ce poste est fait pour vous !   Vos missions  :    Accueil et conseil personnalisé  : Accueillir les clients et les conseiller sur le choix d’équipements adaptés (raquettes, balles, accessoires) en fonction de leurs besoins, niveau de pratique et préférences.   Vente active et fidélisation client  : Proposer des produits complémentaires et fidéliser les clients par un service de qualité et une...","Nous recherchons un(e)Vendeur(se)dynamique, motivé(e) et passionné(e) par les sports de raquettes pour rejoindre notre équipe. Si vous aimez conseiller les clients, partager votre passion pour les sports tels que le tennis, le badminton, le squash ou le padel, et souhaitez travailler dans un environnement stimulant et varié, ce poste est fait pour vous !Vos missions:Accueil et conseil personnalisé: Accueillir les clients et les conseiller sur le choix d’équipements adaptés (raquettes, balles, accessoires) en fonction de leurs besoins, niveau de pratique et préférences.Vente active et fidélisation client: Proposer des produits complémentaires et fidéliser les clients par un service de qualité et une écoute attentive.Gestion des stocks et réassortiment: Assurer la mise en rayon des produits, le réassortiment des stocks et l’organisation des produits en magasin.Encaissement et gestion administrative: Effectuer les encaissements, gérer les retours et échanges de produits, et tenir à jour les stocks.Suivi des tendances et des nouveautés: Se tenir informé des dernières tendances du marché des sports de raquettes et des innovations pour en informer les clients.","Etudiant, jeune diplômé & Débutant < 2 ans","Etudiant, jeune diplômé & Débutant < 2 ans","CDI, CDD, Freelance & Temps partiel",Ariana - Ben Arous - Nabeul & Sousse,Communication - Gestion - Management - Marketing - Vente,2025-11-26,https://www.emploitunisie.com/offre-emploi-tunisie/vendeurse-tunis-244973
21,Emploitunisie,management,Directeur Sportif – Sport Divers (filiale de TVS) - Tunis,TRENDY VIBES SOLUTIONS,"À propos de Sport Divers    Sport Divers , filiale de  Trendy Vibes Solutions (TVS) , est une structure spécialisée dans l’événementiel et la communication sportive. Nous organisons des championnats, tournois, événements inter-académies et mettons à disposition une  application mobile et une chaîne IPTV  pour valoriser le sport tunisien et les jeunes talents.  Dans le cadre de notre développement, nous recherchons un  Directeur Sportif  dynamique et organisé, capable de structurer, coordonner et développer l’ensemble de nos activités sportives.   Missions principales   Sous la responsabilité de la direction générale, le  Directeur Sportif  aura pour principales missions :   Gestion technique et encadrement sportif...","À propos de Sport DiversSport Divers, filiale deTrendy Vibes Solutions (TVS), est une structure spécialisée dans l’événementiel et la communication sportive.Nous organisons des championnats, tournois, événements inter-académies et mettons à disposition uneapplication mobile et une chaîne IPTVpour valoriser le sport tunisien et les jeunes talents.Dans le cadre de notre développement, nous recherchons unDirecteur Sportifdynamique et organisé, capable de structurer, coordonner et développer l’ensemble de nos activités sportives.Missions principalesSous la responsabilité de la direction générale, leDirecteur Sportifaura pour principales missions :Gestion technique et encadrement sportifSuperviser lescoach(e)set leséquipes internes(mini-foot et autres disciplines).Évaluer le contenu des séances d’entraînement et rédiger desrapports mensuelssur leur qualité, la progression et la cohérence du programme sportif.Garantir le respect des méthodes, de la discipline et de l’image du club.Encadrement des compétitions et événementsAssister et encadrer lesmatchs amicaux, tournois et championnatsofficiels.Planifier les rencontres amicales et les tournois,proposer de nouvelles équipesà rencontrer etassurer la coordinationavec les responsables externes.Veiller à labonne organisation logistiquedes événements (terrains, arbitres, équipement, horaires…).Suivi administratif et digitalSuperviser lespaiements des abonnements, laprésence des joueurset leur suivi vial’application Sport Divers.Garantir la mise à jour régulière des données sportives et administratives.Développement et planification annuelleÉlaborer uneplanification annuelle complètedes activités sportives :Tournois internes et externesJournées portes ouvertesÉvénements promotionnelsChampionnats saisonniersProposer et organiserde nouvelles disciplineset activités adaptées à la vision de Sport Divers.Partenariats et réseautageDévelopper unréseau d’académies, clubs et écolespour promouvoir :Lepack médiatique de TVSL’application mobile Sport DiversLachaîne IPTVet ses offres de diffusion.Représenter Sport Divers lors des réunions, championnats et événements partenaires.","Etudiant, jeune diplômé et plus","Etudiant, jeune diplômé et plus",CDI & CDD,Ariana - Ben Arous - Manouba & Tunis,Gestion - Leadership - Management - Planification,2025-11-26,https://www.emploitunisie.com/offre-emploi-tunisie/directeur-sportif-sport-divers-filiale-tvs-tunis-317184
22,Emploitunisie,management,Responsable Production (UAP) - Sahline,HR NETWORK,"HR Network recherche  pour une société industrielle française offshore spécialisée secteur  automobile (assemblage/gainage)  Située dans la région de Monastir  Responsable Production (UAP).    Missions :    Encadrement et animation de l’équipe de production (60 pers)  Gestion et respect des plannings de production  Superviser les cadences de production et piloter les actions d’amélioration continue  Garantir le respect des contraintes (qualité, coûts, délais)  Ergonomie/amélioration de l’espace de travail pour l’amélioration du rendement  Gérer les priorités, capacités à traiter les problèmes face aux imprévus  Proposer des évolutions et améliorations de l'organisation, productivité,...","HR Network recherchepour une société industrielle française offshore spécialisée secteurautomobile (assemblage/gainage)Située dans la région de MonastirResponsable Production (UAP).Missions :Encadrement et animation de l’équipe de production (60 pers)Gestion et respect des plannings de productionSuperviser les cadences de production et piloter les actions d’amélioration continueGarantir le respect des contraintes (qualité, coûts, délais)Ergonomie/amélioration de l’espace de travail pour l’amélioration du rendementGérer les priorités, capacités à traiter les problèmes face aux imprévusProposer des évolutions et améliorations de l'organisation, productivité, logistiqueVeiller à maintenir et à améliorer l’organisation en place, maintien des procédures et tous les moyens de suivi pour une optimisation des coutsFormation et coaching des nouveaux recrutements",Expérience entre 2 ans et 5 ans,Expérience entre 2 ans et 5 ans,CDI,Monastir,Amélioration Continue - Assemblage - Ergonomie - Génie Industriel - Lean Management - Maintenance - Production - Productivité - Qualité,2025-11-26,https://www.emploitunisie.com/offre-emploi-tunisie/responsable-production-uap-sahline-320100
23,Emploitunisie,rh,Responsable Ressources Humaines - Nabeul,STE CALE CHAUSSURES,"La Calé Chaussures est une entreprise innovante et dynamique spécialisée dans la production de chaussures italiennes de haute qualité. Dans le cadre de notre croissance, nous recherchons un(e)  Responsable Ressources Humaines  pour rejoindre notre équipe au siège de Nabeul.    Missions :     Gérer l’administration du personnel, incluant la rédaction de contrats et d'autres documents liés à la gestion des ressources humaines.  Effectuer le contrôle des présences et transmettre les données au consultant.  Traiter les fiches de paie.  Collaborer avec le responsable de l’établissement ainsi que les autres départements pour optimiser la gestion du personnel.  Conduire le processus de recrutement : rédaction et...","La Calé Chaussures est une entreprise innovante et dynamique spécialisée dans la production de chaussures italiennes de haute qualité. Dans le cadre de notre croissance, nous recherchons un(e)Responsable Ressources Humainespour rejoindre notre équipe au siège de Nabeul.Missions :Gérer l’administration du personnel, incluant la rédaction de contrats et d'autres documents liés à la gestion des ressources humaines.Effectuer le contrôle des présences et transmettre les données au consultant.Traiter les fiches de paie.Collaborer avec le responsable de l’établissement ainsi que les autres départements pour optimiser la gestion du personnel.Conduire le processus de recrutement : rédaction et publication des annonces, évaluation des candidatures et conduite des entretiens.Assurer une communication fluide avec les employés et gérer les formalités comptables liées au personnel.",Débutant < 2 ans et plus,Débutant < 2 ans et plus,CDI & CDD,Nabeul,Administration du Personnel - Comptabilité - Finance - Formation - Gestion - Gestion des Ressources Humaines - Processus de Recrutement - Recrutement,2025-11-26,https://www.emploitunisie.com/offre-emploi-tunisie/responsable-ressources-humaines-nabeul-231209
24,Emploitunisie,rh,Conseiller(ère) de Formation Professionnelle (H/F)  - Menzah 4,ELITE CONSEIL,"Nous sommes à la recherche d'un  Conseiller(ère) de Formation Professionnelle  pour développer le portefeuille client de notre organisme de formation     Vos responsabilités    Identifier et qualifier des prospects (particuliers, entreprises, prescripteurs)  Réaliser des appels sortants (phoning) et envoyer des e-mails de prospection   Présenter les offres de formation et accompagner les prospects dans leur démarche (CPF, Transition Professionnelle, France Travail…)  Suivre et relancer les clients jusqu’à la finalisation de l’inscription  Assurer un reporting régulier de l’activité","Nous sommes à la recherche d'unConseiller(ère) de Formation Professionnellepour développer le portefeuille client de notre organisme de formationVos responsabilitésIdentifier et qualifier des prospects (particuliers, entreprises, prescripteurs)Réaliser des appels sortants (phoning) et envoyer des e-mails de prospectionPrésenter les offres de formation et accompagner les prospects dans leur démarche (CPF, Transition Professionnelle, France Travail…)Suivre et relancer les clients jusqu’à la finalisation de l’inscriptionAssurer un reporting régulier de l’activité",Expérience entre 2 ans et 5 ans et plus,Expérience entre 2 ans et 5 ans et plus,CDI,International,Communication Téléphonique - Formation - Mailing - Mailing de Prospection - Prospection - Téléprospection - Télévente - Vente,2025-11-26,https://www.emploitunisie.com/offre-emploi-tunisie/conseillerere-formation-professionnelle-hf-menzah-4-317525
25,Emploitunisie,rh,Chargée de la Relation Client  - Tunis,VERTILEARN,"Nous recherchons une  Chargée   de la Relation Client   pour rejoindre notre équipe commerciale dans le développement et la mise en œuvre de nos activités.   Missions :     Assurer la liaison entre les clients et l’équipe commerciale, en recueillant et transmettant les besoins clients.  Piloter la gestion d’un portefeuille clients : suivi des dossiers, fidélisation et relance.","Nous recherchons uneChargéede la Relation Clientpour rejoindre notre équipe commerciale dans le développement et la mise en œuvre de nos activités.Missions :Assurer la liaison entre les clients et l’équipe commerciale, en recueillant et transmettant les besoins clients.Piloter la gestion d’un portefeuille clients : suivi des dossiers, fidélisation et relance.","Etudiant, jeune diplômé et plus","Etudiant, jeune diplômé et plus",Freelance,Tunis & International,Gestion Commerciale - Vente,2025-11-26,https://www.emploitunisie.com/offre-emploi-tunisie/chargee-relation-client-tunis-331673
26,Emploitunisie,rh,Enseignant(e) de Français - Manouba,CANADIAN INTERNATIONAL SCHOOL OF TUNIS,"La Canadian International School of Tunis, établissement scolaire international basé sur le programme canadien du Nouveau-Brunswick, recherche un(e)  Enseignant(e) de Français  passionné(e) et expérimenté(e) pour rejoindre son équipe pédagogique dès la rentrée 2025-2026. Le poste est ouvert pour les niveaux  primaire et secondaire . Vous aurez pour mission de transmettre le goût de la langue française, de la lecture et de l’écriture, tout en accompagnant les élèves dans leur progression scolaire.","La Canadian International School of Tunis, établissement scolaire international basé sur le programme canadien du Nouveau-Brunswick, recherche un(e)Enseignant(e) de Françaispassionné(e) et expérimenté(e) pour rejoindre son équipe pédagogique dès la rentrée 2025-2026.Le poste est ouvert pour les niveauxprimaire et secondaire. Vous aurez pour mission de transmettre le goût de la langue française, de la lecture et de l’écriture, tout en accompagnant les élèves dans leur progression scolaire.",Expérience entre 2 ans et 5 ans et plus,Expérience entre 2 ans et 5 ans et plus,CDI & CDD,Ariana - Bizerte - Manouba - Nabeul & Tunis,Enseignement - Pédagogie,2025-11-26,https://www.emploitunisie.com/offre-emploi-tunisie/enseignante-francais-manouba-289487
27,Emploitunisie,rh,Gestionnaire de Paie - Sousse,ALTRA CALL,Nous recherchons pour un cabinet parisien d'expertise comptable et contrôle de gestion ayant des bureaux à Tunis et Bizerte un(e)  Gestionnaire de Paie  maitrisant le logiciel Silae.,Nous recherchons pour un cabinet parisien d'expertise comptable et contrôle de gestion ayant des bureaux à Tunis et Bizerte un(e)Gestionnaire de Paiemaitrisant le logiciel Silae.,Expérience entre 5 ans et 10 ans & Expérience > 10 ans,Expérience entre 5 ans et 10 ans & Expérience > 10 ans,CDI,Sousse,Législation - Vente,2025-11-26,https://www.emploitunisie.com/offre-emploi-tunisie/gestionnaire-paie-sousse-316586
28,Emploitunisie,marketing,Développeur Web - Sousse,LIMA AGENCY,"Nous sommes à la recherche d'un  Développeur Web.    Missions :    Créer un site e-commerce complet, moderne et intuitif, tout en guidant notre équipe sur les aspects techniques à connaître.","Nous sommes à la recherche d'unDéveloppeur Web.Missions :Créer un site e-commerce complet, moderne et intuitif, tout en guidant notre équipe sur les aspects techniques à connaître.","Etudiant, jeune diplômé et plus","Etudiant, jeune diplômé et plus",Freelance & Temps partiel,Sousse,Actions Marketing - Développement Marketing - E-Commerce,2025-11-26,https://www.emploitunisie.com/offre-emploi-tunisie/developpeur-web-sousse-336900
29,Emploitunisie,marketing,Prospecteur - Hergla,STE TECHNOPOLE,"Nous sommes à la recherche d’un  Prospecteur / Chargé d’étude de marché  motivé et dynamique,  résidant à Hergla  ou ses environs.   Missions principales :     Réaliser des études de marché locales et sectorielles.    Recueillir et analyser les informations sur la concurrence et le marché.    Élaborer des rapports clairs et détaillés pour la direction.","Nous sommes à la recherche d’unProspecteur / Chargé d’étude de marchémotivé et dynamique,résidant à Herglaou ses environs.Missions principales :Réaliser des études de marché locales et sectorielles.Recueillir et analyser les informations sur la concurrence et le marché.Élaborer des rapports clairs et détaillés pour la direction.",Débutant < 2 ans & Expérience entre 2 ans et 5 ans,Débutant < 2 ans & Expérience entre 2 ans et 5 ans,CDI,Sousse,Communication - Marketing,2025-11-26,https://www.emploitunisie.com/offre-emploi-tunisie/prospecteur-hergla-314950
30,Emploitunisie,marketing,Assistante Commerciale - Fouchana,MGHIRA BUREAUTIQUE,Nous sommes à la recherche d'une  Assistante Commerciale  pour rôle de gérer le portefeuille client et assurer le bon déroulement des activités reliées a la vente directe .,Nous sommes à la recherche d'uneAssistante Commercialepour rôle de gérer le portefeuille client et assurer le bon déroulement des activités reliées a la vente directe .,"Etudiant, jeune diplômé et plus","Etudiant, jeune diplômé et plus","CDI, CDD, Intérim, Stage, Freelance, Alternance, Temps partiel & Statutaire",Ariana - Ben Arous & Tunis,Assistanat - Secrétariat,2025-11-26,https://www.emploitunisie.com/offre-emploi-tunisie/assistante-commerciale-fouchana-313509
31,Emploitunisie,marketing,Assistante Technico-Commerciale - Mghira,PHARMALABO,"Nous sommes à la recherche d'une  Assistante Technico-Commerciale.    Missions :    Gestion Administrative des ventes   Traitement des offres ,suivie des commandes clients & fournisseurs  suivie des dossiers fournisseurs   Gérer les réclamations clients   mise à jour de la base des donnés de commandes","Nous sommes à la recherche d'uneAssistante Technico-Commerciale.Missions :Gestion Administrative des ventesTraitement des offres ,suivie des commandes clients & fournisseurssuivie des dossiers fournisseursGérer les réclamations clientsmise à jour de la base des donnés de commandes",Expérience entre 2 ans et 5 ans et plus,Expérience entre 2 ans et 5 ans et plus,CDI,Ariana,Communication - Marketing,2025-11-26,https://www.emploitunisie.com/offre-emploi-tunisie/assistante-technico-commerciale-mghira-320844
32,Emploitunisie,marketing,Enquêteur(rice) - Tunis,ONE TO ONE FOR RESEARCH AND POLLING,"Nous recrutons plusieurs  Enquêteurs Terrain  pour réaliser des études auprès de ménages, d’individus ou de points de vente. Les personnes sélectionnées seront chargées de collecter des données fiables sur le terrain en respectant les instructions méthodologiques et les normes de qualité.","Nous recrutons plusieursEnquêteurs Terrainpour réaliser des études auprès de ménages, d’individus ou de points de vente. Les personnes sélectionnées seront chargées de collecter des données fiables sur le terrain en respectant les instructions méthodologiques et les normes de qualité.","Etudiant, jeune diplômé et plus","Etudiant, jeune diplômé et plus",Freelance & Temps partiel,Tunis & International,Communication,2025-11-26,https://www.emploitunisie.com/offre-emploi-tunisie/enqueteurrice-tunis-335187
33,Emploitunisie,logistique,Ingénieur Génie Civil Junior et Senior - Sfax,SSET,"Nous recrutons des  Ingénieurs Génie Civil Juniors et Seniors  pour renforcer notre équipe technique SSET basée à Sfax, pour des projets publics et privés.   Missions principales :    Suivi et gestion des projets de construction ou d'infrastructure (études et/ou exécution)  Supervision des études techniques : béton armé, VRD, structures, etc.  Contrôle de la conformité des travaux et des documents d’exécution  Coordination avec les bureaux d’études, les maîtres d’ouvrage et les entreprises  Préparation des rapports techniques et des plannings  Encadrement d’équipes techniques et suivi des projets","Nous recrutons desIngénieurs Génie Civil Juniors et Seniorspour renforcer notre équipe technique SSET basée à Sfax, pour des projets publics et privés.Missions principales :Suivi et gestion des projets de construction ou d'infrastructure (études et/ou exécution)Supervision des études techniques : béton armé, VRD, structures, etc.Contrôle de la conformité des travaux et des documents d’exécutionCoordination avec les bureaux d’études, les maîtres d’ouvrage et les entreprisesPréparation des rapports techniques et des planningsEncadrement d’équipes techniques et suivi des projets",Débutant < 2 ans & Expérience entre 2 ans et 5 ans,Débutant < 2 ans & Expérience entre 2 ans et 5 ans,"CDI, CDD & Stage",Sfax,AUTOCAD - CAO - DAO - Gestion - Leadership - Management,2025-11-26,https://www.emploitunisie.com/offre-emploi-tunisie/ingenieur-genie-civil-junior-senior-sfax-323411
34,Emploitunisie,logistique,Assistante Commerciale - Cité Ettadhamen,VIGNAL 2 TUNISIE,"Nous sommes à la recherche d'une  Assistante Commerciale.     Mission Principale    :    Assurer le soutien administratif et opérationnel du responsable commercial afin de contribuer au développement des ventes, à la satisfaction client et au bon fonctionnement du service.     Responsabilités :     Gestion des appels, emails et demandes clients.  Mise à jour du CRM et des dossiers clients.  Suivi des livraisons, délais et facturation  Assistance et coordination avec la production/logistique.  Traitement des réclamations et support après-vente","Nous sommes à la recherche d'uneAssistante Commerciale.Mission Principale:Assurer le soutien administratif et opérationnel du responsable commercial afin de contribuer au développement des ventes, à la satisfaction client et au bon fonctionnement du service.Responsabilités :Gestion des appels, emails et demandes clients.Mise à jour du CRM et des dossiers clients.Suivi des livraisons, délais et facturationAssistance et coordination avec la production/logistique.Traitement des réclamations et support après-vente","Etudiant, jeune diplômé","Etudiant, jeune diplômé",CDI & Stage,Ariana - Manouba & Tunis,Administration - Assistanat - Assistance - CRM - Dossiers - Facturation - Gestion des Appels - Secrétariat - Support - Vente,2025-11-26,https://www.emploitunisie.com/offre-emploi-tunisie/assistante-commerciale-cite-ettadhamen-334979
35,Emploitunisie,logistique,Responsable Achat - Sfax,GRH PRO,"Nous recherchons un  Responsable Achats  expérimenté pour gérer l'ensemble du processus d'approvisionnement, aussi bien local qu’international. Le/la candidat(e) idéal(e) saura négocier efficacement, optimiser les coûts, et assurer une coordination fluide avec les fournisseurs locaux et étrangers.   Gérer les achats locaux et internationaux.  Identifier, évaluer et négocier avec les fournisseurs.  Suivre les commandes, les délais de livraison et la qualité des produits.  Coordonner avec les services logistique, comptabilité et production.  Mettre en place une stratégie d’optimisation des coûts d’achat.","Nous recherchons unResponsable Achatsexpérimenté pour gérer l'ensemble du processus d'approvisionnement, aussi bien local qu’international. Le/la candidat(e) idéal(e) saura négocier efficacement, optimiser les coûts, et assurer une coordination fluide avec les fournisseurs locaux et étrangers.Gérer les achats locaux et internationaux.Identifier, évaluer et négocier avec les fournisseurs.Suivre les commandes, les délais de livraison et la qualité des produits.Coordonner avec les services logistique, comptabilité et production.Mettre en place une stratégie d’optimisation des coûts d’achat.",Expérience entre 5 ans et 10 ans,Expérience entre 5 ans et 10 ans,CDI,Sfax,Achats - Comptabilité - Export - Finance - Gestion - Import - Livraison - Négociation,2025-11-26,https://www.emploitunisie.com/offre-emploi-tunisie/responsable-achat-sfax-317692
36,Emploitunisie,logistique,Responsable Commercial Events - Sfax,PÂTISSERIE MASMOUDI,"Pâtisserie Masmoudi recrute  Responsable Commercial Events , sur Sfax. Jeune, dynamique, sérieux et Motivé aura pour mission la conception, les préparatifs et l'organisation matérielle et logistique d'évènementiels (mariage, réception, séminaires, inauguration, ...) dans le cadre de prestations de service à des particuliers ou des professionnels  Saisissez cette opportunité pour relancer votre carrière et faite de votre travail un plaisir toujours renouvelé   Ses principales missions seront de :    Accueillir et conseiller les clients  Identifier les besoins des clients  Établir les devis  Suivre les commandes des clients  Organiser les évènements","Pâtisserie Masmoudi recruteResponsable Commercial Events, sur Sfax. Jeune, dynamique, sérieux et Motivé aura pour mission la conception, les préparatifs et l'organisation matérielle et logistique d'évènementiels (mariage, réception, séminaires, inauguration, ...) dans le cadre de prestations de service à des particuliers ou des professionnelsSaisissez cette opportunité pour relancer votre carrière et faite de votre travail un plaisir toujours renouveléSes principales missions seront de :Accueillir et conseiller les clientsIdentifier les besoins des clientsÉtablir les devisSuivre les commandes des clientsOrganiser les évènements",Expérience entre 2 ans et 5 ans et plus,Expérience entre 2 ans et 5 ans et plus,CDI & CDD,Sfax,Devis - Vente,2025-11-26,https://www.emploitunisie.com/offre-emploi-tunisie/responsable-commercial-events-sfax-316054
37,Emploitunisie,logistique,Chef d´Atelier - Grombalia,RECOPNEU SA,Nous sommes à la recherche d'un  Chef d'Atelier.    Missions :    Superviser et organiser la production.  Contrôler la qualité et assurer la maintenance de base.  Encadrer le personnel et veiller à la productivité.  Proposer des améliorations techniques et organisationnelles.  Assurer le suivi de la consommation matière et la gestion du stock de production.  Optimiser la production et les délais  Assurer la coordination avec l’équipe commerciale et la livraison.,Nous sommes à la recherche d'unChef d'Atelier.Missions :Superviser et organiser la production.Contrôler la qualité et assurer la maintenance de base.Encadrer le personnel et veiller à la productivité.Proposer des améliorations techniques et organisationnelles.Assurer le suivi de la consommation matière et la gestion du stock de production.Optimiser la production et les délaisAssurer la coordination avec l’équipe commerciale et la livraison.,Expérience entre 2 ans et 5 ans et plus,Expérience entre 2 ans et 5 ans et plus,CDI,Nabeul,Transport,2025-11-26,https://www.emploitunisie.com/offre-emploi-tunisie/chef-atelier-grombalia-326581
38,Emploitunisie,services,Déclarante en Douane - Tunis,IAC,Nous sommes à la recherche d'une  Déclarante en Douane.    Missions :    Préparation et saisie de déclarations douanières.  Suivie des opérations d’import/export.  Classement et archivage des  documents.,Nous sommes à la recherche d'uneDéclarante en Douane.Missions :Préparation et saisie de déclarations douanières.Suivie des opérations d’import/export.Classement et archivage des  documents.,"Etudiant, jeune diplômé & Débutant < 2 ans","Etudiant, jeune diplômé & Débutant < 2 ans",Stage,Tunis & International,Douane,2025-11-27,https://www.emploitunisie.com/offre-emploi-tunisie/declarante-douane-tunis-338313
39,Emploitunisie,services,Agent de Transit - Sfax Ville,GSA,Nous sommes à la recherche d'un  Agent de Transit.,Nous sommes à la recherche d'unAgent de Transit.,"Etudiant, jeune diplômé et plus","Etudiant, jeune diplômé et plus",CDI & CDD,Sfax,Transit,2025-11-26,https://www.emploitunisie.com/offre-emploi-tunisie/agent-transit-sfax-ville-327036
40,Emploitunisie,services,Mécanicien - Ben Arous,LA CITE DE L'AUTO,La cité de l'auto est une société de réparation de voitures présente dans le domaine de l'automobile depuis 40 ans travaillant ainsi avec les grandes compagnies en Tunisie est  la recherche d'un  Mécanicien  expérimenté qui aura pour mission de prendre en charge le travail mécanique dans le garage avec un salaire intéressant.,La cité de l'auto est une société de réparation de voitures présente dans le domaine de l'automobile depuis 40 ans travaillant ainsi avec les grandes compagnies en Tunisie est  la recherche d'unMécanicienexpérimenté qui aura pour mission de prendre en charge le travail mécanique dans le garage avec un salaire intéressant.,Débutant < 2 ans & Expérience entre 2 ans et 5 ans,Débutant < 2 ans & Expérience entre 2 ans et 5 ans,CDI & CDD,Ben Arous,Entretien - Maintenance - Mécanique - Production - Qualité - Réparation,2025-11-26,https://www.emploitunisie.com/offre-emploi-tunisie/mecanicien-ben-arous-330384
41,Emploitunisie,services,Ingénieur D’Affaires Responsable D’Activité - Tunisie,RS UNIVERS CONSULTING,"RS Univers Consulting recrute un  Ingénieur d’Affaires Responsable d’Activité.    Vos missions    Développement commercial  Développer un portefeuille clients B2B dans les secteurs industriels et transport  Piloter le cycle de vente complet : prospection, qualification, offres, négociation, closing  Assurer la satisfaction client et développer des relations durables  Recrutement et gestion des ressources  Identifier et recruter les profils techniques adaptés  Gérer l’intégration et le suivi opérationnel des équipes en mission  Animer et fidéliser votre équipe technique  Pilotage d’activité et gestion financière  Gérer les contrats, les missions et la facturation  Suivre la trésorerie, les marges et...","RS Univers Consulting recrute unIngénieur d’Affaires Responsable d’Activité.Vos missionsDéveloppement commercialDévelopper un portefeuille clients B2B dans les secteurs industriels et transportPiloter le cycle de vente complet : prospection, qualification, offres, négociation, closingAssurer la satisfaction client et développer des relations durablesRecrutement et gestion des ressourcesIdentifier et recruter les profils techniques adaptésGérer l’intégration et le suivi opérationnel des équipes en missionAnimer et fidéliser votre équipe techniquePilotage d’activité et gestion financièreGérer les contrats, les missions et la facturationSuivre la trésorerie, les marges et la rentabilité de votre activitéContribuer au suivi des objectifs commerciaux et financiersContribution stratégiqueParticiper au développement de l’activité sur la France et le Moyen-OrientIdentifier les opportunités marché et proposer des axes de croissanceReprésenter RS Univers Consulting auprès des clients et partenairesPourquoi rejoindre RS Univers Consulting ?Package attractif : fixe › variable déplafonné › primes › avantagesPoste stratégique avec autonomie et responsabilitésÉvolution rapide possible vers des postes de managementProjets concrets avec clients industriels de premier planMéritocratie : performances reconnues et récompensées",Expérience entre 2 ans et 5 ans et plus,Expérience entre 2 ans et 5 ans et plus,CDI,International,Business Development - Comptabilité - Développement Commercial - Facturation - Finance - Gestion - Gestion Financière - Négociation - Prospection - Prospection Commerciale - Transport - Trésorerie - Vente,2025-11-26,https://www.emploitunisie.com/offre-emploi-tunisie/ingenieur-affaires-responsable-activite-tunisie-326155
42,Emploitunisie,services,Aide-Soignante à Temps Plein - Manouba,CANADIAN INTERNATIONAL SCHOOL OF TUNIS,"La Canadian International School of Manouba, un établissement œuvrant dans un environnement international, recherche une  Aide-Soignante à temps plein  pour intégrer son équipe dédiée au bien-être des élèves.   Vos missions principales :    Assurer l'accueil et les soins d'hygiène et de confort des élèves en cas de malaise ou de blessure mineure.  Gérer les premiers secours et apporter une réponse adaptée aux besoins immédiats des élèves.  Tenir à jour les dossiers de santé des élèves (dispenses de sport, traitements médicaux, etc.) dans le respect du secret médical.  Gérer le stock de la pharmacie et des consommables médicaux.  Participer à la mise en œuvre des Protocoles d'Urgence et des Projets d'...","La Canadian International School of Manouba, un établissement œuvrant dans un environnement international, recherche uneAide-Soignante à temps pleinpour intégrer son équipe dédiée au bien-être des élèves.Vos missions principales :Assurer l'accueil et les soins d'hygiène et de confort des élèves en cas de malaise ou de blessure mineure.Gérer les premiers secours et apporter une réponse adaptée aux besoins immédiats des élèves.Tenir à jour les dossiers de santé des élèves (dispenses de sport, traitements médicaux, etc.) dans le respect du secret médical.Gérer le stock de la pharmacie et des consommables médicaux.Participer à la mise en œuvre des Protocoles d'Urgence et des Projets d'Accueil Individualisés (PAI) pour les élèves atteints de troubles de santé.Assurer un lien de confiance avec les élèves, les familles et l'équipe éducative.Contribuer à la promotion de la santé et de l'hygiène au sein de l'établissement.Les personnes intéressées sont priées d'adresser leurcandidature (CV + Lettre de motivation)à l'adresse électronique suivante :[email protected]","Etudiant, jeune diplômé et plus","Etudiant, jeune diplômé et plus","CDI, CDD, Intérim, Stage, Freelance, Alternance, Temps partiel & Statutaire",Manouba & International,Hygiène - Premiers Secours - Santé - Traitements Médicaux,2025-11-26,https://www.emploitunisie.com/offre-emploi-tunisie/aide-soignante-temps-plein-manouba-308851
43,Emploitunisie,btp,Secrétaire ou Assistante - Ariana,MAÎTRE AFIFI NOTAIRE,"​Nous recherchons une  Secrétaire ou Assistante  , titulaire d'un diplôme de niveau BTS (Bac+2) ou équivalent, pour rejoindre notre étude notariale à l'Ariana Ville .","​Nous recherchons uneSecrétaire ou Assistante, titulaire d'un diplôme de niveau BTS (Bac+2) ou équivalent, pour rejoindre notre étude notariale à l'Ariana Ville .",Débutant < 2 ans,Débutant < 2 ans,CDI & CDD,Ariana,Accueil Physique - Archivage - Assistanat - Bureautique - Dossiers - Gestion Administrative - Rédaction - Suivi des Dossiers - WORD,2025-11-26,https://www.emploitunisie.com/offre-emploi-tunisie/secretaire-assistante-ariana-308626
44,Emploitunisie,btp,Accountant - Tunis,TGK INTERNATIONAL,"We are seeking a detail-oriented and highly organized  Accountant  to join our finance team. The Accountant will be responsible for managing financial records, preparing financial statements, and ensuring compliance with accounting standards and regulations. The ideal candidate will have strong analytical skills, a solid understanding of accounting principles, and the ability to work both independently and collaboratively within a team.   Key Responsibilities:      General Accounting:     Prepare and maintain financial records, including general ledger entries, accounts payable/receivable, and payroll.    Reconcile bank statements and balance sheet accounts.    Assist in the month-end and year-end closing processes....","We are seeking a detail-oriented and highly organizedAccountantto join our finance team. The Accountant will be responsible for managing financial records, preparing financial statements, and ensuring compliance with accounting standards and regulations. The ideal candidate will have strong analytical skills, a solid understanding of accounting principles, and the ability to work both independently and collaboratively within a team.Key Responsibilities:General Accounting:Prepare and maintain financial records, including general ledger entries, accounts payable/receivable, and payroll.Reconcile bank statements and balance sheet accounts.Assist in the month-end and year-end closing processes.Financial Reporting:Prepare accurate and timely financial statements, including income statements, balance sheets, and cash flow statements.Generate financial reports for internal and external stakeholders.Budgeting & Forecasting:Assist in the preparation of budgets and financial forecasts.Monitor actual performance against budgets and provide variance analysis.Compliance & Audits:Ensure compliance with local, state, and federal accounting regulations.Assist with internal and external audits by providing necessary documentation and explanations.Tax Preparation:Prepare and file tax returns, ensuring compliance with tax laws.Provide support during tax audits and respond to tax-related inquiries.Process Improvement:Identify opportunities for process improvements and automation in financial operations.Implement best practices in accounting and financial management.",Expérience entre 5 ans et 10 ans & Expérience > 10 ans,Expérience entre 5 ans et 10 ans & Expérience > 10 ans,"CDD, Freelance & Temps partiel",Tunis & International,Automation - Communication - Comptabilité - Finance - Financial Accounting - Financial Management - Forecasting - Gestion - Maintenance - Marketing - Process - Production - Qualité,2025-11-26,https://www.emploitunisie.com/offre-emploi-tunisie/accountant-tunis-320609
45,Emploitunisie,btp,Country General Manager - Expatriation - South Sudan,AFRICAWORK,"Expatriate Position | South Sudan We are recruiting for one of our clients a  Country General Manager  to lead and develop the company’s operations in  South Sudan . This is a  strategic leadership role  overseeing  several subsidiaries  of the group, responsible for driving  business growth, operational excellence, and profitability . The ideal candidate is a visionary and results-driven executive with a strong record in managing complex environments, building high-performing teams, and fostering sustainable stakeholder relationships.   Key Responsibilities    Define and execute a  strategic vision  for the South Sudan market aligned with group objectives.  Oversee ...","Expatriate Position | South SudanWe are recruiting for one of our clients aCountry General Managerto lead and develop the company’s operations inSouth Sudan.This is astrategic leadership roleoverseeingseveral subsidiariesof the group, responsible for drivingbusiness growth, operational excellence, and profitability. The ideal candidate is a visionary and results-driven executive with a strong record in managing complex environments, building high-performing teams, and fostering sustainable stakeholder relationships.Key ResponsibilitiesDefine and execute astrategic visionfor the South Sudan market aligned with group objectives.Overseefinancial performance, budgeting, forecasting, and reporting to ensure strong profitability.Lead alloperational activitieswith a focus on efficiency, productivity, and compliance.Build and empowerhigh-performing teams, fostering a culture of accountability and excellence.Develop and maintainstrategic relationshipswith key government, client, and community stakeholders.Ensuregovernance, compliance, and risk management standards are upheld.Provide regularinsightful analysis and reportingto the executive team to support strategic decisions.",Expérience > 10 ans,Expérience > 10 ans,CDI,Ariana - Béja - Ben Arous - Bizerte - Gabès - Gafsa - Jendouba,Business Administration - Compliance - Forecasting - Leadership - Management - Operations Management - Risk Management,2025-11-26,https://www.emploitunisie.com/offre-emploi-tunisie/country-general-manager-expatriation-south-sudan-315189
46,Emploitunisie,btp,Technicien(ne) en Électronique - Sfax,ATLANTIS CENTER,"Nous recherchons un(e)  Technicien(ne) en Électronique  sérieux(se) et appliqué(e) pour rejoindre notre équipe de production. La personne aura pour mission principale de réaliser la  soudure et l’assemblage de composants électroniques , ainsi que toutes les tâches manuelles nécessaires à la fabrication de nos produits.   Missions principales :     Réaliser la  soudure de composants électroniques  (CMS et traversants) selon les plans et procédures établies.    Appliquer de la  colle ou d’autres produits  si nécessaire pour la fixation ou l’isolation des composants.    Effectuer toutes les  opérations manuelles de production  : montage, câblage, découpage, coupage, ajustement, nettoyage, etc.    Utiliser les...","Nous recherchons un(e)Technicien(ne) en Électroniquesérieux(se) et appliqué(e) pour rejoindre notre équipe de production. La personne aura pour mission principale de réaliser lasoudure et l’assemblage de composants électroniques, ainsi que toutes les tâches manuelles nécessaires à la fabrication de nos produits.Missions principales :Réaliser lasoudure de composants électroniques(CMS et traversants) selon les plans et procédures établies.Appliquer de lacolle ou d’autres produitssi nécessaire pour la fixation ou l’isolation des composants.Effectuer toutes lesopérations manuelles de production: montage, câblage, découpage, coupage, ajustement, nettoyage, etc.Utiliser lesoutils et équipementsappropriés : soufflante, ciseaux, chiniole (pince coupante), fer à souder, etc.Contrôler visuellement les cartes électroniques et signaler toute anomalie.Respecter les consignes desécuritéet lesprocédures qualitéinternes.","Etudiant, jeune diplômé","Etudiant, jeune diplômé",CDI & CDD,Sfax,Assemblage - Câblage - Découpage - Électronique - Électrotechnique - Fabrication - Isolation - Montage - Production - Qualité,2025-11-26,https://www.emploitunisie.com/offre-emploi-tunisie/technicienne-electronique-sfax-330402
