source,title,company,description,education,experience,contract,region,skills,date,url,logo
Emploitunisie,Freelance – Développeur WordPress - Télétravail,IBYS MEDICAL,"Tu respires WordPress ? Tu connais les thèmes, plugins et optimisations sur le bout des doigts et tu sais transformer une maquette en site fluide, performant et sécurisé ? Alors on a besoin de toi, et rien que toi !   Ta mission    Développer, personnaliser et maintenir des sites WordPress (pas de Shopify, pas de Wix, pas de Magento – ici c’est WordPress only)  Créer ou adapter des thèmes sur-mesure et optimiser les performances (vitesse, SEO, sécurité)  Intégrer des plugins existants ou développer des fonctionnalités spécifiques  Garantir une expérience utilisateur fluide et responsive sur tous les supports",N/A,N/A,N/A,N/A,N/A,2025-11-21,/offre-emploi-tunisie/freelance-developpeur-wordpress-teletravail-305428,https://www.emploitunisie.com/sites/all/themes/africawork3/img/default-logo.png
Emploitunisie,Téléprospecteur BtoB (Excellente élocution – Télétravail) - Bizerte,IBYS MEDICAL,"Tu as le coup de fil facile, une voix claire qui inspire confiance, et tu sais convaincre sans forcer ? Tu maîtrises l’art de la prospection BtoB et tu es à l’aise avec les outils de suivi ? Alors cette mission est faite pour toi !   Ta mission    Contacter des prospects BtoB qualifiés et présenter nos services/offres avec impact  Susciter l’intérêt, qualifier les besoins et obtenir des rendez-vous qualifiés pour l’équipe commerciale  Adapter ton discours à chaque interlocuteur avec professionnalisme et empathie  Tenir à jour les informations dans le CRM et remonter les feedbacks terrain",N/A,N/A,N/A,N/A,N/A,2025-11-21,/offre-emploi-tunisie/teleprospecteur-btob-excellente-elocution-teletravail-bizerte-305437,https://www.emploitunisie.com/sites/all/themes/africawork3/img/default-logo.png
Emploitunisie,Freelance – Chargé(e) de Marketing Digital - Bizerte,IBYS MEDICAL,"Tu es un(e) marketeur(se) digital(e) indépendant(e) qui aime avoir de l’impact concret ? Tu sais analyser, créer et optimiser des campagnes qui performent ? Tu es aussi à l’aise dans les chiffres que dans la création de newsletters engageantes ? Alors, rejoins l’aventure en freelance !   Ta mission    Concevoir et piloter des stratégies digitales orientées résultats  Créer et diffuser des newsletters qui donnent envie de cliquer   Optimiser la visibilité et la conversion via SEO, SEA, social ads et automation  Réaliser des analyses précises (KPI, ROI, tracking) pour améliorer en continu  Collaborer avec l’équipe créa pour des campagnes alignées...",N/A,N/A,N/A,N/A,N/A,2025-11-21,/offre-emploi-tunisie/freelance-chargee-marketing-digital-bizerte-305438,https://www.emploitunisie.com/sites/all/themes/africawork3/img/default-logo.png
Emploitunisie,Infographiste Freelance - Bizerte,IBYS MEDICAL,"Tu es un(e) créatif(ve) dans l’âme, tu maîtrises la suite Adobe sur le bout des doigts et tu as ce petit truc en plus qui fait la différence visuelle ? Alors tu es peut-être la personne qu’on attendait !    Ce qu’on te propose    Une mission freelance régulière de 40 heures par semaine, impliquant une collaboration sur des projets variés et stimulants. Une véritable liberté de création (on veut ton œil, pas du copier-coller !)  La possibilité de transformer l’expérience freelance en CDI si le feeling et les résultats sont au rendez-vous  Un poste en télétravail total",N/A,N/A,N/A,N/A,N/A,2025-11-21,/offre-emploi-tunisie/infographiste-freelance-bizerte-305439,https://www.emploitunisie.com/sites/all/themes/africawork3/img/default-logo.png
Emploitunisie,Cadre Commercial Local - Ben Arous,IDEAL SANITAIRE,"Nous sommes à la recherche d'un  Cadre Commercial Local.    Missions :    Assister dans les salons spécialisés et les foires .  Prospecter dans les appels d'offre .  Prospecter des nouveaux marchés .  Trouver des nouveaux clients, suivre et fidélité les anciens clients .  Traiter les demandes ( demande d'offre ou commande dés la réception jusqu'à l'envoi des factures proforma et de confirmations de commande )  Suivre l'exécution des commandes et faire les relances nécessaires pour assurer la livraison dans les délais prévus .  Établir les programmes de livraison  Suivre les états débiteurs des clients  Assurer le recouvrement .  Exécuter les décisions prises concernant les réclamations clients",N/A,N/A,N/A,N/A,N/A,2025-11-21,/offre-emploi-tunisie/cadre-commercial-local-ben-arous-305808,https://www.emploitunisie.com/sites/emploitunisie.com/files/styles/thumbnail/public/logo/logo-8074-20160404-101309.jpg?itok=M2cpbVX0
Emploitunisie,Assistant(e) Pédagogique Bilingue (Français/Anglais) - à Distance,PERSPECTIVES,"Qui sommes-nous ?  Perspectives, Société tunisienne travaillant exclusivement pour le compte de clients internationaux dans le secteur de l’enseignement supérieur.  Dans le cadre du soutien aux activités pédagogiques de l’un de nos clients établissement d’enseignement supérieur en France, nous recherchons un(e)  Assistant(e) Pédagogique Bilingue (Français/Anglais)  en télétravail à 100%.   Missions principales   Sous la responsabilité de l’équipe pédagogique, vous assurerez un rôle clé dans le suivi des étudiants et le support administratif. Vos missions incluront notamment :    Suivi de l’assiduité :  saisie des absences dans l’outil pédagogique, gestion des justificatifs et application des...",N/A,N/A,N/A,N/A,N/A,2025-11-21,/offre-emploi-tunisie/assistante-pedagogique-bilingue-francaisanglais-distance-305881,https://www.emploitunisie.com/sites/all/themes/africawork3/img/default-logo.png
Emploitunisie,Professeur(e) des Écoles - Carthage,ECOLE INTERNATIONALE DE CARTHAGE,"L’École Internationale de Carthage, établissement privé d’enseignement français homologué par l'AEFE, recrute un-e  Professeur(e) des Écoles .   Missions principales :    Enseigner et accompagner les élèves du cycle primaire (maternelle et élémentaire), en veillant à leur développement",N/A,N/A,N/A,N/A,N/A,2025-11-21,/offre-emploi-tunisie/professeure-ecoles-carthage-305950,https://www.emploitunisie.com/sites/emploitunisie.com/files/styles/thumbnail/public/logo/isc.jpeg?itok=PZBeoLJx
Emploitunisie,Pattern Maker - Bouhjar,ASADA GROUP,"ASADA GROUP is looking for a talented  Pattern Maker  to join our creative and development team, and contribute to the development of high-quality garments from design to production.   Key Responsibilities:    Interpret design sketches and transform them into accurate patterns.  Develop base patterns, grading, and size sets for different styles.  Ensure proper garment fit, balance, and construction details.  Collaborate closely with designers, product developers, and sample makers.  Adjust patterns based on fitting sessions and production feedback.  Prepare and update technical files and pattern documentation.  Support production teams with technical guidance on garment assembly.",N/A,N/A,N/A,N/A,N/A,2025-11-21,/offre-emploi-tunisie/pattern-maker-bouhjar-306016,https://www.emploitunisie.com/sites/emploitunisie.com/files/styles/thumbnail/public/logo/logo_asada_dos_-_copie.png?itok=WkEMKJse
Emploitunisie,Conseiller en Relations Humaines - Sousse,ASTRAGALE  CALL CENTER,"Nous sommes une filiale d'une entreprise française internationale, située à Sousse, leader dans son secteur, et nous recrutons des  Conseillers en Relations Humaines  pour le  département francophone .   Une nouvelle session de formation est prévue pour le mois de septembre 2025.    Votre Mission :    Réaliser des  consultations personnalisées écrites ou par téléphone  pour accompagner nos clients dans leur vie amoureuse ou professionnelle (reconquête, confiance en soi, relations saines …).  Développer des conseils adaptés aux besoins individuels des clients.  Garantir la confidentialité des informations partagées par les clients.  Encourager les clients à reconnaître leur propre pouvoir et...",N/A,N/A,N/A,N/A,N/A,2025-11-21,/offre-emploi-tunisie/conseiller-relations-humaines-sousse-306042,https://www.emploitunisie.com/sites/emploitunisie.com/files/styles/thumbnail/public/logo/logo_48.jpg?itok=6Gn6LJQw
Emploitunisie,Sales Operator Service Representative - Sousse,ASTRAGALE  CALL CENTER,"We are the local branch of an international French company, recognized as a leader in its industry. We are currently looking to recruit  Sales Operator Service Representatives  for our  English-speaking commercial department .Located in Sousse.",N/A,N/A,N/A,N/A,N/A,2025-11-21,/offre-emploi-tunisie/sales-operator-service-representative-sousse-306043,https://www.emploitunisie.com/sites/emploitunisie.com/files/styles/thumbnail/public/logo/logo_48.jpg?itok=6Gn6LJQw
Emploitunisie,Secrétaire Administrative - Sfax,SOCIÉTÉ LOUKIL CONTROLE,Nous sommes à la recherche d'une  Secrétaire Administrative.    Missions :    Traitement de texte   Tache administrative  Facturation et suivi des factures  Relation avec clients,N/A,N/A,N/A,N/A,N/A,2025-11-21,/offre-emploi-tunisie/secretaire-administrative-sfax-306147,https://www.emploitunisie.com/sites/all/themes/africawork3/img/default-logo.png
Emploitunisie,Stage PFE – Ingénieur Développeur Web - la Marsa,GL TUNISIA,"Tu rejoins notre équipe à La Marsa avec la mission de concevoir, développer et améliorer des applications web internes (outils interne pour nos entreprises) à fort impact. Tu participeras au développement full stack (front & back), à la mise en place de nouvelles fonctionnalités, et tu travailleras directement avec nos autres départements (ingénierie métier, management) pour livrer un produit robuste et scalable.   Tes challenges :     Tu aimes développer des applications web modernes et performantes.    Tu souhaites approfondir tes compétences en JavaScript/TypeScript, React/Next.js et Node.js.    Tu es curieux(se) des bonnes pratiques de développement : clean code, tests automatisés, CI/CD.    Tu veux travailler en...",N/A,N/A,N/A,N/A,N/A,2025-11-21,/offre-emploi-tunisie/stage-pfe-ingenieur-developpeur-web-marsa-306402,https://www.emploitunisie.com/sites/emploitunisie.com/files/styles/thumbnail/public/logo/29176786_10156081969727416_2447069926240540590_n.png?itok=VIIyZydv
Emploitunisie,Sales Operator Service Representative - Sousse,ASTRAGALE  CALL CENTER,"We are the local branch of an international French company, recognized as a leader in its industry. We are currently looking to recruit  Sales Operator Service Representatives  for our  English-speaking commercial department .Located in Sousse.",N/A,N/A,N/A,N/A,N/A,2025-11-21,/offre-emploi-tunisie/sales-operator-service-representative-sousse-306510,https://www.emploitunisie.com/sites/emploitunisie.com/files/styles/thumbnail/public/logo/logo_48.jpg?itok=6Gn6LJQw
Emploitunisie,Commerciale - Megrine,TUNISIA SAVE PRONT,"Nous sommes spécialisé dans la vente des imprimantes , cartouche imprimantes adaptable importé et original ainsi que les pc de bureaux et portable  Nous sommes à la recherche d'une  Commerciale  avec expérience pour s'occuper donc de démarcher les potentiels clients, négocier les prix, élaborer des stratégies pour dynamiser les ventes, gérer le portefeuille client, ou encore assurer un suivi commercial auprès de la clientèle afin de la fidéliser.",N/A,N/A,N/A,N/A,N/A,2025-11-21,/offre-emploi-tunisie/commerciale-megrine-306591,https://www.emploitunisie.com/sites/all/themes/africawork3/img/default-logo.png
Emploitunisie,Téléopérateur Francophone - Akouda-Sousse,7 STARS-CALL,"Nous sommes un centre d’appels basé à Akouda-Sousse et nous recherchons des  Téléopératrices Francophones  motivés pour rejoindre notre équipe.   Missions principales :     Passer et recevoir des appels en langue française    Réaliser des enquêtes, sondages ou prospections selon les projets en cours    Garantir une communication claire, professionnelle et efficace    Atteindre les objectifs fixés tout en assurant une bonne qualité de service",N/A,N/A,N/A,N/A,N/A,2025-11-21,/offre-emploi-tunisie/teleoperateur-francophone-akouda-sousse-306662,https://www.emploitunisie.com/sites/emploitunisie.com/files/styles/thumbnail/public/logo/logo_seven_stars_call.png?itok=dbxhZvej
Emploitunisie,Agent de Transit - Zone Industrielle Sidi Daoued La Marsa,BSB SA- TOYOTA,Nous sommes à la recherche d'un  Agent de Transit.    Mission     Effectuer les opérations de transit de marchandises dans un cadre réglementaire très strict.    Principales Activités     Assurer les formalités administratives liées au service avec les bureaux de rattachement.    Principales Taches     Suivre les dossiers auprès de (la direction générale des douanes   Faire signer tous les dossiers de privilège fiscal au niveau de notre bureau de rattachement   Accompagner les Clients à l'Administration en cas de besoin pour le suivi et l'accélération des procédures ;,N/A,N/A,N/A,N/A,N/A,2025-11-21,/offre-emploi-tunisie/agent-transit-zone-industrielle-sidi-daoued-marsa-306685,https://www.emploitunisie.com/sites/emploitunisie.com/files/styles/thumbnail/public/logo/31-314949_toyota-logo-transparent-background-image-137-transparent-background.jpg?itok=q1hJfYba
Emploitunisie,Barista - Tunis,KFC TUNISIA,"Nous recrutons un(e)  Barista  motivé(e) et dynamique pour rejoindre notre équipe.   Mission principale :     Préparation des cafés, boissons chaudes et froides",N/A,N/A,N/A,N/A,N/A,2025-11-21,/offre-emploi-tunisie/barista-tunis-306718,https://www.emploitunisie.com/sites/emploitunisie.com/files/styles/thumbnail/public/logo/kfc.png?itok=FTpiNu-4
Emploitunisie,Technicien Qualité - El Fejja,SPINNLER TUNISIE,"Nous sommes à la recherche d'un  Technicien Qualité.    Missions :     Assurer le contrôle qualité tout au long du processus de production.    Mettre en œuvre et suivre le système de management qualité selon la norme  ISO 9001 (version la plus récente) .    Utiliser les  outils qualité  (5 pourquoi, Ishikawa, AMDEC, Pareto, etc.) pour analyser et résoudre les problèmes.    Identifier, remonter et suivre les non-conformités.    Collaborer avec les équipes de production pour garantir la conformité des produits aux exigences clients.    Participer aux audits.",N/A,N/A,N/A,N/A,N/A,2025-11-21,/offre-emploi-tunisie/technicien-qualite-el-fejja-306809,https://www.emploitunisie.com/sites/emploitunisie.com/files/styles/thumbnail/public/logo/logo_spinnler_tunisie1.png?itok=B10mLYZc
Emploitunisie,Technicien (ne) Informatique et Moyens Généraux H/F - La Goulette,SEGITEC,"Nous sommes à la recherche d'un(e)  Technicien (ne) Informatique et Moyens Généraux H/F.    Responsabilités clés    1. Support informatique avancé    Fournir un support de premier et second niveau aux utilisateurs.  Réparer et dépanner les ordinateurs et équipements électroniques (matériel et logiciel).  Installer, configurer et mettre à jour les systèmes d’exploitation et les logiciels, y compris les logiciels spécialisés (AutoCAD, suites bureautiques, outils métiers).  Gérer les sauvegardes, restaurations et la sécurité des données.  Installer et configurer imprimantes, scanners et périphériques divers.    2. Maintenance & Réparations    Assurer l’entretien préventif et curatif du parc informatique et...",N/A,N/A,N/A,N/A,N/A,2025-11-21,/offre-emploi-tunisie/technicien-ne-informatique-moyens-generaux-hf-goulette-306834,https://www.emploitunisie.com/sites/emploitunisie.com/files/styles/thumbnail/public/logo/logo_segitec.png?itok=Zk2aIlZ-
Emploitunisie,Stagiaire PFE Fullstack – Développement Web  - La Marsa,xTECH,"Nous sommes à la recherche des  Stagiaire PFE Fullstack – Développement Web.    Missions :     Participer au développement d’applications web et mobiles, de la conception à la mise en production.    Travailler sur des projets innovants en utilisant des technologies Front-end et Back-end.    Collaborer avec l’équipe technique pour identifier des améliorations et résoudre les problèmes techniques.    Contribuer à l’optimisation et à la maintenance des solutions existantes.",N/A,N/A,N/A,N/A,N/A,2025-11-21,/offre-emploi-tunisie/stagiaire-pfe-fullstack-developpement-web-marsa-306902,https://www.emploitunisie.com/sites/emploitunisie.com/files/styles/thumbnail/public/logo/logo_xtech.png?itok=otXsRxH9
Emploitunisie,Stagiaire PFE – Business Development / Marketing / Sales Strategy - La Marsa,xTECH,"Nous recherchons un(e)  Stagiaire PFE  motivé(e), curieux(se) et orienté(e) résultats pour rejoindre notre équipe Business/Marketing chez  XTech  , une entreprise dynamique spécialisée dans le développement de logiciels informatiques.  Le/la stagiaire aura l'opportunité de participer à l’élaboration et à la mise en œuvre de notre stratégie commerciale et marketing, en lien direct avec les équipes produit et direction. Il/elle contribuera à la croissance de l’entreprise à travers des missions concrètes et à forte valeur ajoutée, tout en découvrant l’utilisation d’ outils digitaux et d’intelligence artificielle  dans les processus métiers.",N/A,N/A,N/A,N/A,N/A,2025-11-21,/offre-emploi-tunisie/stagiaire-pfe-business-development-marketing-sales-strategy-marsa-306906,https://www.emploitunisie.com/sites/emploitunisie.com/files/styles/thumbnail/public/logo/logo_xtech.png?itok=otXsRxH9
Emploitunisie,Responsable Marketing Digital - Ariana,PITSTOP,"Nous sommes à la recherche d'un  Responsable Marketing Digital.    Votre mission     Planifier et gérer les campagnes digitales (Facebook Ads, TikTok, Google).    Créer du contenu attractif (photos, vidéos, stories).    Suivre les KPIs : ROAS, CAC, ventes générées.    Développer des collaborations avec influenceurs et partenaires.    Renforcer la visibilité et l’image de marque PitStop.",N/A,N/A,N/A,N/A,N/A,2025-11-21,/offre-emploi-tunisie/responsable-marketing-digital-ariana-307134,https://www.emploitunisie.com/sites/emploitunisie.com/files/styles/thumbnail/public/logo/asset_2.png?itok=9qPwufEN
Emploitunisie,Chargé Service Client - Ariana,PITSTOP,"Nous sommes à la recherche d'un  Chargé Service Client.    Votre mission     Répondre aux clients via WhatsApp, Messenger, Instagram et Email.    Suivre les commandes et informer les clients sur les délais de livraison.    Gérer les retours et remboursements.    Collecter le feedback des clients et proposer des améliorations.    Maintenir un ton professionnel et empathique.",N/A,N/A,N/A,N/A,N/A,2025-11-21,/offre-emploi-tunisie/charge-service-client-ariana-307136,https://www.emploitunisie.com/sites/emploitunisie.com/files/styles/thumbnail/public/logo/asset_2.png?itok=9qPwufEN
Emploitunisie,Agent Logistique et Fulfillment - Ariana,PITSTOP,"Nous sommes à la recherche d'un  Agent Logistique et Fulfillment.    Votre mission     Préparer et emballer les commandes clients.    Vérifier la conformité des colis avant expédition.    Coordonner avec les transporteurs (La Poste, Aramex, etc.).    Gérer les retours et la réintégration en stock.    Participer à l’organisation de l’entrepôt.",N/A,N/A,N/A,N/A,N/A,2025-11-21,/offre-emploi-tunisie/agent-logistique-fulfillment-ariana-307137,https://www.emploitunisie.com/sites/emploitunisie.com/files/styles/thumbnail/public/logo/asset_2.png?itok=9qPwufEN
Emploitunisie,Commercial Francophone - Sfax,FOODOMARKET,"Nous sommes une startup française innovante et en pleine expansion , et nous recherchons des  Commerciaux  passionnés et motivés pour rejoindre notre équipe dynamique. Si vous êtes prêt(e) à relever un nouveau défi et à faire partie d’une aventure stimulante, cette opportunité est faite pour vous !    Vos responsabilités :     Prospection : appels et emails.    Suivi personnalisé des prospects : comprendre leurs besoins et proposer des solutions adaptées.    Gestion des rendez-vous et organisation de présentations produit.     Pourquoi nous rejoindre ?     Une ambiance startup dynamique avec une équipe jeune et motivée     Des opportunités de croissance et de développement personnel     Une rémunération...",N/A,N/A,N/A,N/A,N/A,2025-11-21,/offre-emploi-tunisie/commercial-francophone-sfax-307194,https://www.emploitunisie.com/sites/emploitunisie.com/files/styles/thumbnail/public/logo/screenshot_2025-09-11_131531.png?itok=_F5cnbm2
Emploitunisie,Responsable Logistique Junior - Tunis,TUNISIE PLACE DE MARCHE,"Pour accompagner le développement de nos activités et la préparation de nos prochains grands événements (BIGTECH Africa, Riyeda, TDS...), nous cherchons à renforcer notre équipe avec un profil clé: Responsable Logistique Junior.    Missions :    Gérer la logistique des projets en lien direct avec les chefs de projets.  Coordonner les besoins techniques et matériels sur les événements.  Collaborer étroitement avec les différentes équipes pour garantir la qualité de l'exécution.  Gestion de stock et travail sur terrain    Nous offrons :    Une formation compléte aux spécificités du métier événementiel.  Une expérience unique au coeur de l'organisation des plus grands salons et conférences en Tunisie.  L'...",N/A,N/A,N/A,N/A,N/A,2025-11-21,/offre-emploi-tunisie/responsable-logistique-junior-tunis-311539,https://www.emploitunisie.com/sites/emploitunisie.com/files/styles/thumbnail/public/logo/logo_tpm_events.jpg?itok=mYbLOwDI
Emploitunisie,Chauffeur / Coursier - Marsa,EDIFIS,Nous sommes à la recherche d'un  Chauffeur / Coursier.,N/A,N/A,N/A,N/A,N/A,2025-11-21,/offre-emploi-tunisie/chauffeur-coursier-marsa-311619,https://www.emploitunisie.com/sites/emploitunisie.com/files/styles/thumbnail/public/logo/edifis.png?itok=zOqfJ_Ku
Emploitunisie,Magasinier - Sfax,NOVAGO (STE MOBITECH),"Nous sommes à la recherche d'un  Magasinier.    Missions :     Réception, vérification et rangement des marchandises au dépôt.    Préparation des commandes selon les besoins de la production ou des clients.    Chargement et déchargement des produits.    Suivi du stock et signalement des besoins de réapprovisionnement.",N/A,N/A,N/A,N/A,N/A,2025-11-21,/offre-emploi-tunisie/magasinier-sfax-311810,https://www.emploitunisie.com/sites/emploitunisie.com/files/styles/thumbnail/public/logo/screenshot_2025-10-07-00-16-45-63_a23b203fd3aafc6dcb84e438dda678b6.jpg?itok=c7zc1AkP
Emploitunisie,Magasinier - Mégrine,LUMTEC,"Dans le cadre du développement de notre agence , nous recherchons un  Magasinier  pour notre agence  de mégrine:     votre mission sera comme suit:    Réceptionner la marchandise provenant du site de production  Déchargé les camions manuellement ou à l'aide de manuelle de manutention   Contrôler la conformité des marchandises quantités, état, références  Signaler toute anomalie ou marchandise endommagé  Effectuer le rangement des produits dans l'entrepôt selon les procédures internes   Participer aux inventaires périodiques  maintenir l'ordre la propreté et la sécurité dans la zone de réception",N/A,N/A,N/A,N/A,N/A,2025-11-21,/offre-emploi-tunisie/magasinier-megrine-311871,https://www.emploitunisie.com/sites/emploitunisie.com/files/styles/thumbnail/public/logo/lumtec-200-px-x68-px.png?itok=Wjgw4KCc
Emploitunisie,Contrôleur de Gestion - Grombalia,SOCIETE AVICOLE EL BARAKA,"Nous sommes à la recherche d'un  Contrôleur de Gestion.    Responsabilités :    Contribuer à l’élaboration des objectifs de l’entreprise.  Élabore les outils nécessaires au suivi des résultats : tableau de bord, recueil des informations…  Élabore, prépare et assure le suivi des budgets avec les directeurs des différents services.  Exerce en permanence une surveillance des indicateurs de gestion mis en place pour évaluer l’activité de l’entreprise.  Prépare des arrêtés analytiques.  Compare et analyse les écarts entre les prévisions et les résultats.  Participe à des inventaires et des audits inopinés",N/A,N/A,N/A,N/A,N/A,2025-11-21,/offre-emploi-tunisie/controleur-gestion-grombalia-311978,https://www.emploitunisie.com/sites/all/themes/africawork3/img/default-logo.png
Emploitunisie,Agent de Réservation et de Vente - Tunis,EGYPTAIR,.La compagnie EgyptAir recrute un  Agent de Réservation et de Vente,N/A,N/A,N/A,N/A,N/A,2025-11-21,/offre-emploi-tunisie/agent-reservation-vente-tunis-312098,https://www.emploitunisie.com/sites/emploitunisie.com/files/styles/thumbnail/public/logo/egyptair.png?itok=RUkkn7ZW
Emploitunisie,Senior Ads Specialist / Media Buyer - Mnihla,BIZZBOOST MEDIA,"Nous recherchons un  Senior Ads Specialist  capable de prendre la responsabilité totale des campagnes payantes, de la stratégie à l'exécution. Si vous maîtrisez le full‑funnel, créez des publicités performantes (créa + copy), lancez et optimisez sur Meta, Google et TikTok, et présentez des rapports clairs et orientés résultats — on veut vous rencontrer. Vous serez en charge de tout ce qui touche à la performance client : appels stratégiques, construction et optimisation des campagnes, et coordination avec l'équipe créa.   Responsabilités    Développer des stratégies paid media sur mesure (Meta, Google, TikTok) adaptées à chaque client.  Concevoir et diriger la création de publicités : idéation, scripts, briefs pour...",N/A,N/A,N/A,N/A,N/A,2025-11-21,/offre-emploi-tunisie/senior-ads-specialist-media-buyer-mnihla-312110,https://www.emploitunisie.com/sites/emploitunisie.com/files/styles/thumbnail/public/logo/bizzboost_media_gray.png?itok=-eFa2vMl
Emploitunisie,Conductrice Machines - Megrine,SOMEF TUNISIE,Nous sommes à la recherche des  Conductrices Machines.    Missions :    Préparer les intrants pour la mise en marche des machines  Afficher les instructions relatives à la production  Analyser les causes d'arrêts des machines  Coordonner une équipe d'opératrices,N/A,N/A,N/A,N/A,N/A,2025-11-21,/offre-emploi-tunisie/conductrice-machines-megrine-312176,https://www.emploitunisie.com/sites/all/themes/africawork3/img/default-logo.png
Emploitunisie,Ingénieur(e) D´Étude en Électricité - la Goulette,SOZAIS INGENIERIE,"Bureau d'étude Offshore spécialisée en ingénierie du bâtiment sur le marché français, recherche un(e)  Ingénieur(e) d'Étude en Électricité  pour la phase d’étude de projet en électricité.   Missions :    Concevoir et réaliser les documents et plans nécessaires de la pré-étude à l’Exe.  Participer à l'élaboration des dossiers techniques.  Réaliser les calculs, plans, schémas, NDC, plans d'exécution, schémas de principe, synoptiques et modélisations 3D.  Assurer la relation technique et commerciale avec les clients.  Suivre et contrôler le déroulement du projet, le planning et le budget.",N/A,N/A,N/A,N/A,N/A,2025-11-21,/offre-emploi-tunisie/ingenieure-etude-electricite-goulette-312218,https://www.emploitunisie.com/sites/emploitunisie.com/files/styles/thumbnail/public/logo/sozais.jpg?itok=qJdU7f23
Emploitunisie,"Stagiaire Ressources Humaines  - Avenue Habib Bourguiba, Tunis",BOURSEDESCRÉDITS.COM,"Qui sommes-nous ?   Créé en 2012,  BoursedesCrédits  est un acteur majeur du courtage en France. Notre mission : accompagner les Français dans leurs projets de vie grâce aux meilleures solutions de financement ( prêt immobilier, crédit conso, rachat de crédits, assurance emprunteur ).  Quelques chiffres :     +60 collaborateurs  au sein du groupe     Effectifs multipliés par 3  en 1 an     Croissance annuelle : +30 %      4,8/5 de satisfaction client  en moyenne    Dans le cadre du développement de nos projets RH, nous recherchons une  Stagiaire Ressources Humaines  , récemment diplômée, motivée et rigoureuse, pour accompagner la Direction des Ressources Humaines sur plusieurs chantiers...",N/A,N/A,N/A,N/A,N/A,2025-11-21,/offre-emploi-tunisie/stagiaire-ressources-humaines-avenue-habib-bourguiba-tunis-312259,https://www.emploitunisie.com/sites/emploitunisie.com/files/styles/thumbnail/public/logo/boursedescredits.png?itok=jGZK_9lH
Emploitunisie,Technicien SAV - Marsa,EDIFIS,"Nous sommes à la recherche d'un  Technicien SAV.    Missions :     Diagnostic et dépannage     Identifier les causes des pannes sur les produits installés (électriques, mécaniques, hydrauliques).  Réparer ou remplacer les pièces défectueuses.  Réaliser des tests de bon fonctionnement avant restitution.     Assistance et relation client     Répondre aux demandes techniques des clients (installateurs, revendeurs, particuliers).  Conseiller à distance ou sur site pour l’installation et l’entretien des produits.  Rédiger les rapports d’intervention et assurer le suivi des dossiers SAV.  Gestion administrative et logistique du SAV :  Gérer les retours produits et établir les bons de garantie.  Suivre les...",N/A,N/A,N/A,N/A,N/A,2025-11-21,/offre-emploi-tunisie/technicien-sav-marsa-312299,https://www.emploitunisie.com/sites/emploitunisie.com/files/styles/thumbnail/public/logo/edifis.png?itok=zOqfJ_Ku
Emploitunisie,Agent de Saisie (H/F) - Marsa,EDIFIS,"Nous sommes à la recherche d'un  Agent de Saisie (H/F).   Rattaché(e) à la Direction Générale, vous aurez pour principales missions :   Assurer l’accueil physique et téléphonique ;  Saisir les devis, bons de commande dans notre logiciel commercial SARI ;  Réceptionner les documents à traiter et vérifier leur contenu ;  Établir les listes de prix de nos articles ;  Mettre à jour notre site web Groupe.",N/A,N/A,N/A,N/A,N/A,2025-11-21,/offre-emploi-tunisie/agent-saisie-hf-marsa-312301,https://www.emploitunisie.com/sites/emploitunisie.com/files/styles/thumbnail/public/logo/edifis.png?itok=zOqfJ_Ku
Emploitunisie,Administrateur Réseau et Système - Tunis,Smart Intelligent Technology,"Dans le cadre de notre développement, nous recherchons un(e)  Administrateur(trice) Réseau & Système  expérimenté(e), capable d’évoluer dans des environnements techniques complexes, en Tunisie comme à l’étranger.   Vos missions principales :    Configurer et administrer les équipements réseau : routeurs, switches, serveurs physiques et virtuels  Gérer des solutions de stockage : DAS, SAN  Assurer l’administration des systèmes Windows  Contribuer activement à la sécurité des infrastructures (vidéosurveillance, contrôle d’accès, électronique de sécurité…)  Participer à des projets techniques déployés à l’international    Ce que nous offrons :    Des projets techniques stimulants en Tunisie...",N/A,N/A,N/A,N/A,N/A,2025-11-21,/offre-emploi-tunisie/administrateur-reseau-systeme-tunis-312568,https://www.emploitunisie.com/sites/all/themes/africawork3/img/default-logo.png
Emploitunisie,Chauffeur Chariot Élévateur - Sahline,LINPACK,Nous cherchons des candidats pour le poste  Chauffeur Chariot Élévateur  qui possède :  *Permis de type A1 +B   Les missions sont :    Charger et déchargé les camions Matières Premières ou Produit Finis.  Transporter les Matières Premières vers les lignes de production.  Ranger les Matières Premières et les Produit Finis dans les zones de stockage en respectant les consignes de sécurité.  Signaler tous dysfonctionnement ou besoin de maintenance.  Assurer la stabilité des charges transportées.,N/A,N/A,N/A,N/A,N/A,2025-11-21,/offre-emploi-tunisie/chauffeur-chariot-elevateur-sahline-312580,https://www.emploitunisie.com/sites/emploitunisie.com/files/styles/thumbnail/public/logo/logo_linpack.png?itok=bFiFYZzX
Emploitunisie,Technicien Mécanique - Sahline,LINPACK,"Nous cherchons des candidats pour le poste  Technicien de Maintenance  (Mécanicien) dont la spécialité est :   Les missions sont :    Assurer le bon fonctionnement et la disponibilité des équipements dans les bonnes conditions de sécurité et de rentabilité Economique.  Assurer la bonne application de la maintenance électrique préventive et curative, l’organisation de l’équipe et l’encadrement et la formation de l’équipe.  Optimiser les coûts de consommation énergétique : coût de l’énergie et coût des consommations par rapport à la quantité de production …etc.  Participer à la réalisation des plans d’actions et réaliser les actions pour éliminer les écarts soulevés par les audits,...",N/A,N/A,N/A,N/A,N/A,2025-11-21,/offre-emploi-tunisie/technicien-mecanique-sahline-312591,https://www.emploitunisie.com/sites/emploitunisie.com/files/styles/thumbnail/public/logo/logo_linpack.png?itok=bFiFYZzX
Emploitunisie,Agent Commercial - Sousse,BSB SA- TOYOTA,Nous sommes à la recherche d'un  Agent Commercial.,N/A,N/A,N/A,N/A,N/A,2025-11-21,/offre-emploi-tunisie/agent-commercial-sousse-312621,https://www.emploitunisie.com/sites/emploitunisie.com/files/styles/thumbnail/public/logo/31-314949_toyota-logo-transparent-background-image-137-transparent-background.jpg?itok=q1hJfYba
Emploitunisie,Assistant Financier - Sfax,IAPS,"Nous sommes à la recherche des  Assistants Financiers.    Missions :    Contrôler, établir et envoyer les factures clients  Suivre les règlements clients et fournisseurs  Assurer le recouvrement rigoureux des factures  Classement, vérification et réclamation des avis bancaires.  Rapprochement bancaire  Établissement et suivie du tableau de bord (hebdomadaire)",N/A,N/A,N/A,N/A,N/A,2025-11-21,/offre-emploi-tunisie/assistant-financier-sfax-312905,https://www.emploitunisie.com/sites/emploitunisie.com/files/styles/thumbnail/public/logo/ips.png?itok=RVUBRN0e
Emploitunisie,Technicien de Maintenance et Mise en Œuvre - Sfax Ville,LABORATOIRE FIGOPHARMA,"Notre laboratoire spécialisé dans la fabrication de compléments alimentaires recrute un  Technicien de Maintenance et Mise en Œuvre .   Missions principales :     Assurer la maintenance préventive et corrective des machines de production.    Participer à l’installation, la mise en service et aux réglages des équipements.    Diagnostiquer les pannes et intervenir rapidement pour garantir la continuité de la production.    Veiller au respect des normes de sécurité et de qualité (BPF).    Contribuer à l’amélioration continue des procédés et à l’optimisation des performances machines.",N/A,N/A,N/A,N/A,N/A,2025-11-21,/offre-emploi-tunisie/technicien-maintenance-mise-oeuvre-sfax-ville-313306,https://www.emploitunisie.com/sites/emploitunisie.com/files/styles/thumbnail/public/logo/logo_figopharma.png?itok=qs34nIhP
Emploitunisie,Gestionnaire de Paie - Tunis et Bizerte,ALTRACALL,"Nous recherchons pour un cabinet parisien d'expertise comptable et contrôle de gestion ayant des bureaux à Tunis et Bizerte un(e)  Gestionnaire de   Paie  maitrisant le logiciel Silae.   Une expérience confirmée avec le logiciel Silae est obligatoire.    Vos missions :      Collecter, vérifier et saisir les éléments variables de paie (heures, absences, primes, congés, etc.).   Établir les bulletins de paie mensuels via le logiciel Silae.   Contrôler la conformité des paies avec la législation en vigueur et les conventions collectives.   Gérer les déclarations sociales (DSN, URSSAF, caisses de retraite, mutuelles, etc.).   Suivre les entrées et sorties du personnel (contrats, affiliations, soldes...",N/A,N/A,N/A,N/A,N/A,2025-11-21,/offre-emploi-tunisie/gestionnaire-paie-tunis-bizerte-313409,https://www.emploitunisie.com/sites/emploitunisie.com/files/styles/thumbnail/public/logo/logo_47.png?itok=rkTBEjIS
Emploitunisie,Technicien Supérieur Débutant - Sousse,STE ADAM FLUIDES,Nous recrutons un  Technicien Supérieur Débutant  en  plomberie et froid industriel  pour renforcer notre équipe technique.   Missions :    Installation et maintenance des équipements de plomberie et de climatisation.  Diagnostic des pannes et réparations.  Suivi technique des interventions sur chantier.  Respect des normes de sécurité.    Avantages :    Contrat CIVP avec possibilité d’évolution.  Formation continue.  Environnement de travail dynamique.,N/A,N/A,N/A,N/A,N/A,2025-11-21,/offre-emploi-tunisie/technicien-superieur-debutant-sousse-313465,https://www.emploitunisie.com/sites/all/themes/africawork3/img/default-logo.png
Emploitunisie,Responsable Gestion de Production - Sfax,LABORATOIRE UNILAB,Nous sommes à la recherche d'un  Responsable Gestion de Production  pour mener à bien un projet de certification ISO.,N/A,N/A,N/A,N/A,N/A,2025-11-21,/offre-emploi-tunisie/responsable-gestion-production-sfax-313498,https://www.emploitunisie.com/sites/all/themes/africawork3/img/default-logo.png
Emploitunisie,Assistante Commerciale - Fouchana,MGHIRA BUREAUTIQUE,Nous sommes à la recherche d'une  Assistante Commerciale  pour rôle de gérer le portefeuille client et assurer le bon déroulement des activités reliées a la vente directe .,N/A,N/A,N/A,N/A,N/A,2025-11-21,/offre-emploi-tunisie/assistante-commerciale-fouchana-313509,https://www.emploitunisie.com/sites/emploitunisie.com/files/styles/thumbnail/public/logo/mb_0.jpg?itok=w-IcWJy_
Emploitunisie,Responsable Commercial - Tunis,CTA VOYAGES,Nous sommes à la recherche d'un  Responsable Commercial  pour notre agence de voyage.,N/A,N/A,N/A,N/A,N/A,2025-11-21,/offre-emploi-tunisie/responsable-commercial-tunis-313657,https://www.emploitunisie.com/sites/all/themes/africawork3/img/default-logo.png
Emploitunisie,Commercial(e)  - Tunis,TRENDY VIBES SOLUTIONS,"Trendy Vibes Solutions (TVS)  est une agence de communication et de production créative basée à Tunis. Notre mission :  valoriser les marques tunisiennes  à travers des stratégies de communication modernes, des visuels puissants et des campagnes digitales performantes.  TVS gère actuellement plusieurs marques en interne et pour le compte de ses clients, dont :     Sport Divers  : un projet sportif majeur et 100% digitalisé,     Mr Hero  : marque de produits de nettoyage et détergents,     Symbiose  : boutique de plantes et jardinage,     Maribelle ,  Bazary , et  HB Design  : marques de décoration et design.    Nous cherchons aujourd’hui un(e)  Commercial(e) dynamique, persuasif(ve) et ambitieux(se)  pour rejoindre notre...",N/A,N/A,N/A,N/A,N/A,2025-11-21,/offre-emploi-tunisie/commerciale-tunis-313701,https://www.emploitunisie.com/sites/emploitunisie.com/files/styles/thumbnail/public/logo/540748277_122098838697002605_2888307178231217676_n.jpg?itok=4zn7ILPZ
Emploitunisie,Commercial(e) - la Goulette,SOZAIS INGENIERIE,"Nous recherchons un(e)   Commercial(e)  affirmé(e) motivé(e) et orienté(e) résultats pour renforcer notre équipe. Vous serez chargé(e) de piloter la stratégie commerciale, de développer le portefeuille clients et de contribuer activement à la croissance de l’entreprise.  Sous la direction de la Direction Générale, vos missions seront :    Élaborer et mettre en œuvre la stratégie commerciale en cohérence avec les objectifs de l’entreprise.    Développer et fidéliser le portefeuille clients grâce à une prospection active (mail, téléphone, salons professionnels, réseaux).    Identifier de nouvelles opportunités de marché et assurer une veille concurrentielle.    Négocier et conclure les contrats...",N/A,N/A,N/A,N/A,N/A,2025-11-21,/offre-emploi-tunisie/commerciale-goulette-313775,https://www.emploitunisie.com/sites/emploitunisie.com/files/styles/thumbnail/public/logo/sozais.jpg?itok=qJdU7f23
Emploitunisie,Stage PFE Rémunéré : Chargé Marketing Digital (H/F) - Tunis,BOURSEDESCRÉDITS.COM,"Qui sommes-nous ?   Fondée en 2012, BoursedesCrédits est un courtier digital de référence en France, spécialisé dans le crédit, l’assurance emprunteur et le regroupement de crédits.  Notre mission : défendre le pouvoir d’achat de nos clients en leur proposant les meilleures solutions financières, au meilleur prix, avec un accompagnement sur mesure.   Vos missions :   En tant que stagiaire Chargé(e) de Marketing Digital, vous participerez activement au développement de notre visibilité en ligne à travers :   La rédaction et optimisation SEO de guides pratiques, articles et actualités.  La production de contenus clairs, pédagogiques et orientés SEO/SEA.  La mise en place et le suivi de campagnes digitales (Google Ads...",N/A,N/A,N/A,N/A,N/A,2025-11-21,/offre-emploi-tunisie/stage-pfe-remunere-charge-marketing-digital-hf-tunis-307206,https://www.emploitunisie.com/sites/emploitunisie.com/files/styles/thumbnail/public/logo/boursedescredits.png?itok=jGZK_9lH
Emploitunisie,Juriste (Spécialisation : Droit des Affaires) - Sousse,ALTRA CALL,"Nous sommes à la recherche d'un  Juriste (Spécialisation : Droit des Affaires).    Missions principales    Assurer la veille juridique et réglementaire dans le domaine du droit des affaires.  Conseiller et accompagner la direction ainsi que les opérationnels sur les problématiques juridiques.  Rédiger, analyser et sécuriser les contrats et accords divers.  Préparer et suivre les dossiers contentieux en lien avec les avocats.  Garantir la conformité des procédures internes avec la législation en vigueur.  Former et sensibiliser les collaborateurs sur les aspects juridiques liés à leur activité.    Activités et responsabilités détaillées    Rédaction et négociation de contrats commerciaux, partenariats, baux, etc....",N/A,N/A,N/A,N/A,N/A,2025-11-21,/offre-emploi-tunisie/juriste-specialisation-droit-affaires-sousse-307399,https://www.emploitunisie.com/sites/emploitunisie.com/files/styles/thumbnail/public/logo/altra-call.jpg?itok=UCvnpyka
Emploitunisie,Aide Comptable - Akouda Sousse,SOCIÉTÉ EL OUKHOUA D'INFRASTRUCTURE & TRAVAUX SOIT,"Notre société de Travaux Public cherche une  Aide Comptable .   Missions :    Assurer l’accueil physique et téléphonique  Contrôle et archivage des Factures d’achats, Documents, etc  Saisie comptable  Suivie des règlements clients / Fournisseurs  Contribuer à une bonne circulation de l’information et la transmission de documents à l’interne (courrier, messages électroniques…)  Passer des commandes de fournitures, matériaux ou consommables et faire le suivi des livraisons",N/A,N/A,N/A,N/A,N/A,2025-11-21,/offre-emploi-tunisie/aide-comptable-akouda-sousse-307409,https://www.emploitunisie.com/sites/emploitunisie.com/files/styles/thumbnail/public/logo/logo_et_sticker_soit-01.jpg?itok=mUdD4z-n
Emploitunisie,Ingénieur Méthodes Débutant  - Ben Arous,COM ÇA,Nous sommes à la recherche d'un  Ingénieur Méthodes Débutant.    Mission :    organiser le flux entre tous les postes et faire le suivi de la production,N/A,N/A,N/A,N/A,N/A,2025-11-21,/offre-emploi-tunisie/ingenieur-methodes-debutant-ben-arous-307432,https://www.emploitunisie.com/sites/emploitunisie.com/files/styles/thumbnail/public/logo/com_ca.png?itok=2a99apKS
Emploitunisie,Commercial Terrain - Ben Arous,COM ÇA,Nous sommes à la recherche des  Commerciaux Terrain.    Mission :    prospecter les clients potentiels et faire du démarchage,N/A,N/A,N/A,N/A,N/A,2025-11-21,/offre-emploi-tunisie/commercial-terrain-ben-arous-307433,https://www.emploitunisie.com/sites/emploitunisie.com/files/styles/thumbnail/public/logo/com_ca.png?itok=2a99apKS
Emploitunisie,Vendeur - la Soukra,ALL FOR PETS,Vous êtes passionné(e) du monde des animaux de compagnie.Votre sens du service et votre esprit d’équipe sont des points forts.Vous avez un goût prononcé pour la vente et les challenges. Vous êtes dynamique et vous aimez le contact client. ALL FOR PETS recherche pour ses besoins de service un  Vendeur H/F  sur Soukra.   Missions :    Conseiller vos clients dans leurs choix et répondez aux besoins de chacun d’entre eux  Assurer une mise en rayon qualitative et garantissez la disponibilité des produits.,N/A,N/A,N/A,N/A,N/A,2025-11-21,/offre-emploi-tunisie/vendeur-soukra-307649,https://www.emploitunisie.com/sites/emploitunisie.com/files/styles/thumbnail/public/logo/logo_afp_200-02.png?itok=U7hGyha9
Emploitunisie,Intégrateur(trice) Webflow and Développement Front-End - Ras Djebel,GREYMATTER,"Dans le cadre d’un projet avec l’un de nos clients canadiens, Greymatter recrute un(e)  Intégrateur(trice) Webflow and Développement Front-End .   Le travail sera effectué directement avec une entreprise canadienne.  Facilité à communiquer oralement et par écrit, en français.    Le travail sera en temps plein selon le fuseau horaire canadien : ( -5h  ou  -6h ) par rapport à la Tunisie.      Mission principale :    * 80 %  : Intégration de maquettes (Figma, Relume) vers Webflow.  *  15 %  : Automatisation et optimisation des processus (Make, n8n, API, intégrations).  *  5 %  : Développement et exploration de fonctionnalités avancées : Création de scripts custom pour repousser les limites natives de...",N/A,N/A,N/A,N/A,N/A,2025-11-21,/offre-emploi-tunisie/integrateurtrice-webflow-developpement-front-end-ras-djebel-307666,https://www.emploitunisie.com/sites/emploitunisie.com/files/styles/thumbnail/public/logo/telecharger.png?itok=j4mmFkcr
Emploitunisie,Architecte d’Intérieur - Hammam Sousse,NEW GENERATION CONCEPT,Nous sommes à la recherche d'un  Architecte d’Intérieur.,N/A,N/A,N/A,N/A,N/A,2025-11-21,/offre-emploi-tunisie/architecte-interieur-hammam-sousse-307939,https://www.emploitunisie.com/sites/emploitunisie.com/files/styles/thumbnail/public/logo/logo_ng_imp-01.png?itok=OY2ZMIKB
Emploitunisie,Technicien Maintenance - Sfax,INNO-ENGINEERING,"Dans le cadre du renforcement de son équipe, INNO ENGINEERING recrute deux  Techniciens Maintenance , l’un spécialisé en électricité et l’autre en mécanique. Les missions consistent à intervenir directement chez nos clients pour assurer la maintenance préventive et corrective de leurs équipements industriels. Les techniciens participeront également aux installations et à la mise en service des machines, avec des déplacements prévus dans toute la Tunisie. Ces postes offrent une opportunité d’intégrer une entreprise innovante et de travailler au plus près des technologies industrielles modernes.",N/A,N/A,N/A,N/A,N/A,2025-11-21,/offre-emploi-tunisie/technicien-maintenance-sfax-307948,https://www.emploitunisie.com/sites/emploitunisie.com/files/styles/thumbnail/public/logo/logo_70.jpg?itok=Cx8mxU6e
Emploitunisie,Télévendeur H/F - Tunis,TECHCOM SOLUTIONS,"Nous sommes à la recherche des  Télévendeurs H/F.    Missions :     Contacter les prospects par téléphone.    Présenter et promouvoir nos services (formation CPF, mutuelle, énergie).    Conseiller et orienter les clients selon leurs besoins.    Atteindre les objectifs fixés par l’entreprise.",N/A,N/A,N/A,N/A,N/A,2025-11-21,/offre-emploi-tunisie/televendeur-hf-tunis-308068,https://www.emploitunisie.com/sites/emploitunisie.com/files/styles/thumbnail/public/logo/95da669f-2e23-48ff-b73c-6b2424a89d77.jpeg?itok=BBk5MVpJ
Emploitunisie,Assistant Supply Chain  - Mégrine,SGH MEDICAL PHARMA TUNISIE,"Le groupe  SGH Medical Pharma    (Stiplastics, Rovipharm, SGH Tunisie)   est un leader Européen du dispositif médical et de l’administration du médicament. Fort de récents développements majeurs dans le domaine du Diagnostic In Vitro, lauréat du plan de relance « modernisation de l’industrie », notre groupe continue de grandir et se structurer.  Le groupe  SGH Medical Pharma  propose aujourd’hui une offre complète, de la production standard au développement spécifique, en passant par la sous-traitance médicale.   Nous vous proposons :    Un poste basé à  Mégrine   Horaires :  horaires de journée   Temps de travail :  48 heures  par...",N/A,N/A,N/A,N/A,N/A,2025-11-21,/offre-emploi-tunisie/assistant-supply-chain-megrine-308170,https://www.emploitunisie.com/sites/emploitunisie.com/files/styles/thumbnail/public/logo/logo_sgh_medical_pharma_tunisia.png?itok=iBYhOYvq
Emploitunisie,Assistant(e) Directeur(trice) de Magasin - Sfax,TUTTO SPORT,"TUTTO SPORT recrute un(e)  Assistant(e) Directeur(trice) de Magasin  pour son point de vente situé à Boumhal.   Missions principales :   En tant qu’Assistant(e) du Directeur de Magasin, vous jouerez un rôle clé dans le pilotage opérationnel et commercial du magasin. Vos principales responsabilités incluent :   Participer activement au développement de la rentabilité du point de vente, en cohérence avec la stratégie commerciale de l’enseigne.  Coordonner et animer l’équipe de vente au quotidien, en veillant à la motivation, l’engagement et la montée en compétence des collaborateurs.  Contribuer à l’atteinte et au dépassement des objectifs commerciaux et à l’amélioration continue de l’...",N/A,N/A,N/A,N/A,N/A,2025-11-21,/offre-emploi-tunisie/assistante-directeurtrice-magasin-sfax-308222,https://www.emploitunisie.com/sites/emploitunisie.com/files/styles/thumbnail/public/logo/logo-1024-1024.png?itok=W9LjoPI2
Emploitunisie,"Conseiller(ère) de Vente - Tunis, Sousse, Sfax, Ben Arous, Ariana",TUTTO SPORT,"Tu es passionné(e) par le  sport  et la  mode sportive  ? Rejoins notre équipe en tant que  Conseiller(ère) de Vente.    Votre missions     Accueillir et conseiller nos clients  Mettre en valeur nos collections en magasin  Atteindre les objectifs de vente avec ton équipe  Participer aux opérations (réassort, inventaires, promos)    Nous offrons  :   Un environnement jeune et motivant  Une formation sur nos produits et méthodes de vente  Des perspectives d’évolution au sein de Tutto Sport   Lieu de travail : Magasin TUTTO SPORT – Tunis, Ariana, Ben Arous, Sousse, Sfax",N/A,N/A,N/A,N/A,N/A,2025-11-21,/offre-emploi-tunisie/conseillerere-vente-tunis-sousse-sfax-ben-arous-ariana-308241,https://www.emploitunisie.com/sites/emploitunisie.com/files/styles/thumbnail/public/logo/logo-1024-1024.png?itok=W9LjoPI2
Emploitunisie,Ouvrier Spécialisé en Mécanique – Montage de Machines pour le Tissage - Soliman,TIPS SARL,"Nous recherchons un  Ouvrier  qualifié en mécanique industrielle, spécialisé dans le montage et l’installation de machines pour le secteur textile (tissage).",N/A,N/A,N/A,N/A,N/A,2025-11-21,/offre-emploi-tunisie/ouvrier-specialise-mecanique-montage-machines-tissage-soliman-308392,https://www.emploitunisie.com/sites/all/themes/africawork3/img/default-logo.png
Emploitunisie,Électricien Industriel - Soliman,TIPS SARL,"Nous recrutons un  Électricien Industriel  expérimenté pour le montage, le câblage et la maintenance de machines destinées à l’industrie textile.",N/A,N/A,N/A,N/A,N/A,2025-11-21,/offre-emploi-tunisie/electricien-industriel-soliman-308398,https://www.emploitunisie.com/sites/all/themes/africawork3/img/default-logo.png
Emploitunisie,Chargée Terrain – Français / Italien - Tunis,VOCALLINE,"Société spécialisée dans l’organisation de séjours médico touristique est à la recherche d'une  Chargée Terrain – Français / Italien.    Missions Principales :    Accueil, information et accompagnement bienveillant des patients  Identification des besoins et orientation vers les bons interlocuteurs  Transmission des suggestions et réclamations au service client pour améliorer la qualité    Ce que l’entreprise propose :     Rémunération motivante    Environnement moderne et stimulant    Contrat CDI ou CIVP    Assurance groupe  dès l’intégration   Déclaration CNSS à 100%",N/A,N/A,N/A,N/A,N/A,2025-11-21,/offre-emploi-tunisie/chargee-terrain-francais-italien-tunis-308417,https://www.emploitunisie.com/sites/emploitunisie.com/files/styles/thumbnail/public/logo/logo_vocal-line.png?itok=WukCtUHf
Emploitunisie,Chef Atelier - Tunis,ONE DAY DECO,"Description du poste :   Nous recherchons un  Chef d’Atelier  expérimenté pour encadrer et gérer la production dans notre usine de menuiserie. Le candidat retenu sera responsable de l’organisation, de la supervision des équipes, du respect des délais et de la qualité des produits.   Missions principales :    Planifier et coordonner les travaux de production.  Encadrer, former et motiver l’équipe d’ouvriers.  Assurer le contrôle de la qualité et le respect des normes de sécurité.  Veiller à l’entretien des machines et du matériel.  Gérer les stocks de matières premières et optimiser l’utilisation des ressources.  Collaborer avec le bureau d’études et le service commercial pour garantir...",N/A,N/A,N/A,N/A,N/A,2025-11-21,/offre-emploi-tunisie/chef-atelier-tunis-308422,https://www.emploitunisie.com/sites/emploitunisie.com/files/styles/thumbnail/public/logo/0eaad8a5-0041-4332-8309-5090dcb42a37.jpg?itok=-qacRM8w
Emploitunisie,Réceptionniste - Hammam Sousse,VIP HOUSE RESIDENCE,"Nous recherchons un(e)  Réceptionniste  dynamique et organisé(e) pour rejoindre notre équipe. Vous serez le premier point de contact avec nos clients et jouerez un rôle essentiel dans leur satisfaction.   Missions principales :     Accueillir et orienter les clients avec professionnalisme    Répondre aux appels téléphoniques et emails    Gérer les réservations, check-in et check-out    Traiter les paiements et établir les factures    Assurer le suivi des demandes clients et gérer les réclamations    Collaborer avec les différents services (ménage, restauration, direction)",N/A,N/A,N/A,N/A,N/A,2025-11-21,/offre-emploi-tunisie/receptionniste-hammam-sousse-308442,https://www.emploitunisie.com/sites/all/themes/africawork3/img/default-logo.png
Emploitunisie,Secrétaire Médicale - Ariana Ville,CABINET DE PODOLOGIE PODOFEET,Nous recrutons une  Secrétaire Médicale  pour rejoindre notre équipe.   Missions principales :    Assurer la propreté et l’entretien du cabinet  Stérilisation et préparation du matériel médical  Gestion administrative et prise de rendez-vous  Accueil et orientation des patients  Aide à la fabrication des semelles orthopédiques,N/A,N/A,N/A,N/A,N/A,2025-11-21,/offre-emploi-tunisie/secretaire-medicale-ariana-ville-308556,https://www.emploitunisie.com/sites/emploitunisie.com/files/styles/thumbnail/public/logo/logo_podofeet_final_4.png?itok=TJU02J7d
Emploitunisie,Secrétaire ou Assistante - Ariana,MAÎTRE AFIFI NOTAIRE,"​Nous recherchons une  Secrétaire ou Assistante  , titulaire d'un diplôme de niveau BTS (Bac+2) ou équivalent, pour rejoindre notre étude notariale à l'Ariana Ville .",N/A,N/A,N/A,N/A,N/A,2025-11-21,/offre-emploi-tunisie/secretaire-assistante-ariana-308626,https://www.emploitunisie.com/sites/all/themes/africawork3/img/default-logo.png
Emploitunisie,Agent Financier et Commercial  - Sousse,F2CM,Nous sommes à la recherche d'un  Agent Financier et Commercial.,N/A,N/A,N/A,N/A,N/A,2025-11-21,/offre-emploi-tunisie/agent-financier-commercial-sousse-308703,https://www.emploitunisie.com/sites/all/themes/africawork3/img/default-logo.png
Emploitunisie,Tourneur CNC - ZI Messadine 4013,ITP ALCEN,"La société ITP filiale du groupe français Alcen spécialisé dans la fabrication mécanique de précision pour l aéronautique recrute un  Tourneur CNC  avec expérience professionnelle confirmée.   Mission :    La préparation, le réglage et la conduite d'un tour à commande numérique pour réaliser des pièces uniques ou des moyennes et petites séries    Description du poste:    Régler une machine de tournage à commande numérique  Surveiller le bon fonctionnement de la machine • Contrôler la qualité des pièces produites • Assurer le pointage de ses opérations pour chaque OF  Réaliser la maintenance de premier niveau et maintenir en bon état l'environnement de travail (propreté et sécurité du poste de travail)...",N/A,N/A,N/A,N/A,N/A,2025-11-21,/offre-emploi-tunisie/tourneur-cnc-zi-messadine-4013-308799,https://www.emploitunisie.com/sites/emploitunisie.com/files/styles/thumbnail/public/logo/itp.png?itok=2i8jhbPY
Emploitunisie,Aide-Soignante à Temps Plein - Manouba,CANADIAN INTERNATIONAL SCHOOL OF TUNIS,"La Canadian International School of Manouba, un établissement œuvrant dans un environnement international, recherche une  Aide-Soignante à temps plein  pour intégrer son équipe dédiée au bien-être des élèves.   Vos missions principales :    Assurer l'accueil et les soins d'hygiène et de confort des élèves en cas de malaise ou de blessure mineure.  Gérer les premiers secours et apporter une réponse adaptée aux besoins immédiats des élèves.  Tenir à jour les dossiers de santé des élèves (dispenses de sport, traitements médicaux, etc.) dans le respect du secret médical.  Gérer le stock de la pharmacie et des consommables médicaux.  Participer à la mise en œuvre des Protocoles d'Urgence et des Projets d'...",N/A,N/A,N/A,N/A,N/A,2025-11-21,/offre-emploi-tunisie/aide-soignante-temps-plein-manouba-308851,https://www.emploitunisie.com/sites/emploitunisie.com/files/styles/thumbnail/public/logo/cis_logo_1.png?itok=T8d4pqzG
Emploitunisie,Chargé(e) / Conseiller(ère) Clientèle en Assurances - Tunis,GAT ASSURANCES,"Une  agence d’assurances  située à  Tunis Lac  recherche un(e)  Conseiller(ère) Clientèle  pour renforcer son équipe.   Missions principales :    Accueillir, conseiller et accompagner les clients dans leurs besoins en assurance (auto, habitation, santé, prévoyance, etc.)  Proposer des solutions adaptées aux profils et aux attentes des clients  Gérer les contrats (souscriptions, modifications, résiliations)  Suivre les dossiers clients et assurer un service après-vente de qualité  Participer à des actions commerciales pour fidéliser et développer le portefeuille clients",N/A,N/A,N/A,N/A,N/A,2025-11-21,/offre-emploi-tunisie/chargee-conseillerere-clientele-assurances-tunis-308938,https://www.emploitunisie.com/sites/emploitunisie.com/files/styles/thumbnail/public/logo/telechargement_7.jpg?itok=CX0peKfO
Emploitunisie,Téléconseiller en Réception d´Appels - La Charguia 1,SOMEZZO,"Nous sommes l’un des leaders de la télévente et du service client, implanté en Tunisie depuis 2005. Nous vous offrons une opportunité passionnante au sein de notre centre de services.  Nous recherchons un(e)  Téléconseiller(ère) en Réception d'Appels  dynamique et motivé(e) pour rejoindre notre équipe professionnelle et bienveillante. Vous serez en contact direct avec les clients et participerez activement à la gestion de leurs demandes.    Vos missions :    Identifier et traiter les demandes et réclamations des clients  Traiter les demandes de suivi (commandes, livraisons, facturation, réclamations, etc.)  Analyser les besoins et attentes spécifiques de chaque client pour proposer la solution la plus adaptée...",N/A,N/A,N/A,N/A,N/A,2025-11-21,/offre-emploi-tunisie/teleconseiller-reception-appels-charguia-1-308979,https://www.emploitunisie.com/sites/emploitunisie.com/files/styles/thumbnail/public/logo/texte-logo-e1673105584256.png?itok=uFRNt9Tq
Emploitunisie,Agent de Réservation - Lac 1,TUNISIE INTERIM,Nous sommes à la recherche des  Agents de Réservation.    Missions principales :    Gestion des réservations via  Booking.com  et Expedia  Contrôle des tarifs et de la disponibilité  Insertion et mise à jour des tarifs  Saisie et suivi des réservations sur Fidelio  Analyse et suivi de la concurrence,N/A,N/A,N/A,N/A,N/A,2025-11-21,/offre-emploi-tunisie/agent-reservation-lac-1-308983,https://www.emploitunisie.com/sites/emploitunisie.com/files/styles/thumbnail/public/logo/telechargement_11_0.png?itok=4mFcKoAH
Emploitunisie,Ouvrier Ebavurage  - ZI Messadine 4013,ITP ALCEN,Nous sommes à la recherche des  Ouvriers Ébavurage.    Missions :     Faire la finition et l'ébavurage des pièces mécaniques à l'unité ou en série.      Renseigner les ordres de fabrication avec les quantités ébavurées et  rebutées.  Identifier les pièces rebutées et les isoler.                                  Effectuer la maintenance préventive /curative du premier niveau des équipements.,N/A,N/A,N/A,N/A,N/A,2025-11-21,/offre-emploi-tunisie/ouvrier-ebavurage-zi-messadine-4013-309003,https://www.emploitunisie.com/sites/emploitunisie.com/files/styles/thumbnail/public/logo/itp.png?itok=2i8jhbPY
Emploitunisie,Télévendeur - Bab Saadoun,TECHCOM SOLUTIONS,"Vous avez une excellente maîtrise du français à l'oral comme à l'écrit Alors, nous sommes impatients de vous rencontrer et d'être parmi notre équipe! Aujourd’hui, Techcom solutions recrute, sur site, des  Téléopérateurs  avec et sans expérience Notre proposition :   Un salaire de 1300 DT - Un CDI, CIVP, CIAP …  Un régime horaire de 40 heures/semaine, du lundi au vendredi  Une prime hebdomadaire  Titularisation au bout de 6 mois  Des primes de parrainage  Convention bancaire  Une ambiance de travail agréable et un accompagnement",N/A,N/A,N/A,N/A,N/A,2025-11-21,/offre-emploi-tunisie/televendeur-bab-saadoun-309025,https://www.emploitunisie.com/sites/emploitunisie.com/files/styles/thumbnail/public/logo/95da669f-2e23-48ff-b73c-6b2424a89d77.jpeg?itok=BBk5MVpJ
Emploitunisie,Enseignant Mathématiques  - La Soukra,LA JOCONDE JUMELLE,"Dans le cadre du renforcement de son équipe pédagogique, notre établissement recrute une  Enseignante Mathématiques  pour les petites classes du primaire.",N/A,N/A,N/A,N/A,N/A,2025-11-21,/offre-emploi-tunisie/enseignant-mathematiques-soukra-309107,https://www.emploitunisie.com/sites/all/themes/africawork3/img/default-logo.png
Emploitunisie,Assistante Dentaire - Tunis,CABINET DENTAIRE MONTPLAISIR,"Notre cabinet dentaire recherche activement une  Assistante Dentaire , sans exigence d\'expérience, mettant l\'accent sur la motivation et la volonté d\'apprendre.Le cabinet est situé à Montplaisir.      Accueil des patients  : prise en charge, gestion des dossiers et des rendez-vous.     Assistance au fauteuil  : préparation du plateau technique et aide au praticien pendant les soins.     Hygiène et stérilisation  : désinfection, stérilisation du matériel et respect des protocoles.     Participation technique  : aide aux empreintes, radiographies ou travaux selon les compétences.     Organisation du cabinet  : préparation des salles, coordination interne et gestion du planning.",N/A,N/A,N/A,N/A,N/A,2025-11-21,/offre-emploi-tunisie/assistante-dentaire-tunis-309267,https://www.emploitunisie.com/sites/all/themes/africawork3/img/default-logo.png
Emploitunisie,Assistant(e) Administratif(ve) Confirmé(e) - Menzah 4,ELITE CONSEIL,"Dans le cadre du développement de nos activités, nous recrutons un/e  Assistant(e) Administratif(ve) Confirmé(e)  pour assurer le bon fonctionnement de l’organisation administrative.   Missions principales :    Assurer le suivi et la gestion des dossiers administratifs  Traiter et archiver les documents et courriers  Gérer les appels et les emails entrants/sortants  Collaborer avec les équipes pédagogiques et administratives",N/A,N/A,N/A,N/A,N/A,2025-11-21,/offre-emploi-tunisie/assistante-administratifve-confirmee-menzah-4-309278,https://www.emploitunisie.com/sites/all/themes/africawork3/img/default-logo.png
Emploitunisie,Responsable Magasin et Gestion de Stock - Jbel Ouest,BETYLE CONSULTING,"Nous sommes à la recherche d'un  Responsable Magasin et Gestion de Stock.    Lancer, planifier et documenter les actions concernant son activité au niveau de son pro (bon de commande, procédure d'achat)  Responsable libération produit    Missions principales :     Surveiller les marchandises entrantes et sortantes.   Vérifier la fiabilité des fournisseurs et faire le suivi de leur performance.  Évaluer la qualité des marchandises.   Gestion de stock   Proposer des alternatives de rechange en cas de dysfonctionnements avec les fournisseurs   Faire un suivi de stock et des prévisions.   Coordonner les opérations de gestion de stock avec les autres services de l'entreprise   ...",N/A,N/A,N/A,N/A,N/A,2025-11-21,/offre-emploi-tunisie/responsable-magasin-gestion-stock-jbel-ouest-309540,https://www.emploitunisie.com/sites/emploitunisie.com/files/styles/thumbnail/public/logo/1.jpg?itok=9sH2POgs
Emploitunisie,Assistante Dentaire Chirurgicale - Tunis,CIDE CENTRE D'IMPLANTOLOGIE ET DE DENTISTERIE ESTH,Le centre d'implantologie Cide situé au centre médical el farabi menzah6 recrute des profils d' Assistantes Dentaires Chirurgicales  ayant un minimum d'expérience dans le domaine dentaire.,N/A,N/A,N/A,N/A,N/A,2025-11-21,/offre-emploi-tunisie/assistante-dentaire-chirurgicale-tunis-309668,https://www.emploitunisie.com/sites/all/themes/africawork3/img/default-logo.png
Emploitunisie,Commercial(e) Expérimenté(e) – Domaine capillaire - Tunis,L'ORAMEL PURE CARE,"Dans le cadre de notre développement, nous recherchons en urgence un(e)  Commercial(e) Expérimenté(e)  spécialisé(e) dans le domaine capillaire, avec une expertise particulière dans le lissage capillaire.   Missions :    Prospection et développement d’un portefeuille client (salons de coiffures, parfumeries, grossistes…)  Présentation et vente de notre gamme de produits capillaires   Suivi client et fidélisation  Participation à des démonstrations ou événements professionnels si besoin",N/A,N/A,N/A,N/A,N/A,2025-11-21,/offre-emploi-tunisie/commerciale-experimentee-domaine-capillaire-tunis-309787,https://www.emploitunisie.com/sites/emploitunisie.com/files/styles/thumbnail/public/logo/logo_loramel_pastille_jpeg.jpg?itok=AeRJMIi7
Emploitunisie,Agent Back Office - Megrine,LUMTEC,"Dans le cadre du développement de notre agence de Megrine, nous recherchons une  Agente Back Office  pour renforcer notre équipe.  En tant qu'Agent Back Office, vous serez le point de contact  de nos clients et vous jouerez un rôle clé dans le bon fonctionnement de l'agence. Vos responsabilités incluront :   L'accueil physique et téléphonique des clients  Le traitement et la saisie des commandes,   L'établissement de la facturation   Le recouvrement   La gestion administrative",N/A,N/A,N/A,N/A,N/A,2025-11-21,/offre-emploi-tunisie/agent-back-office-megrine-309810,https://www.emploitunisie.com/sites/emploitunisie.com/files/styles/thumbnail/public/logo/lumtec-200-px-x68-px.png?itok=Wjgw4KCc
Emploitunisie,Commercial - Megrine,LUMTEC,"Nous recherchons un  Commercial ,dynamique et motivé  pour rejoindre notre équipe .   Vos principales responsabilités:    Prospection et identification de nouveaux clients potentiels  Établissement de relations durables avec les clients existants et potentiels  Présentation et négociation de nos offres commerciales  Suivi des commandes et des livraisons  Assurer le recouvrement  Analyse des données et reporting sur les performances commerciales",N/A,N/A,N/A,N/A,N/A,2025-11-21,/offre-emploi-tunisie/commercial-megrine-309833,https://www.emploitunisie.com/sites/emploitunisie.com/files/styles/thumbnail/public/logo/lumtec-200-px-x68-px.png?itok=Wjgw4KCc
Emploitunisie,Commercial Terrain - Sousse,LUMTEC,"Nous recherchons un  Commercial Terrain  sur la zone du centre,dynamique et motivé  pour rejoindre notre équipe.   Vos principales responsabilités:    Prospection et identification de nouveaux clients potentiels  Établissement de relations durables avec les clients existants et potentiels  Présentation et négociation de nos offres commerciales  Suivi des commandes et des livraisons  Assurer le recouvrement  Veille Concurrentielle et Analyse du Marché  Analyse des données et reporting sur les performances commerciales",N/A,N/A,N/A,N/A,N/A,2025-11-21,/offre-emploi-tunisie/commercial-terrain-sousse-309839,https://www.emploitunisie.com/sites/emploitunisie.com/files/styles/thumbnail/public/logo/lumtec-200-px-x68-px.png?itok=Wjgw4KCc
Emploitunisie,Commercial - Sousse,TECNOCASA,"Tecnocasa est née au début des années 80 à Milan et est présente aujourd’hui dans 12 pays avec plus de 3000 agences en Italie et dans le monde.  Tecnocasa s’est implantée en Tunisie en 2009 et dispose aujourd’hui de 19 agences réparties sur le Grand Tunis, Hammamet, Nabeul, Sousse, Monastir, Mahdia et Djerba.  Tecnocasa est devenue le premier réseau d'agences immobilières du pays et compte ouvrir plusieurs agences sur tout le territoire.   Tecnocasa  dispose de sa propre école de formation où elle assiste ses conseillers par des formations continues et gratuites afin d’acquérir les méthodes et techniques utiles à la profession",N/A,N/A,N/A,N/A,N/A,2025-11-21,/offre-emploi-tunisie/commercial-sousse-309913,https://www.emploitunisie.com/sites/emploitunisie.com/files/styles/thumbnail/public/logo/unnamed_0.png?itok=d5TcPMie
Emploitunisie,Stagiaire Webmaster (H/F) - Télétravail - Télétravail,WORLD WILD WEB,"World Wild Web , une agence de marketing digital établie depuis 2012, élargit son activité en se lançant dans le secteur des films de LED transparents avec LumyVision. Nous cherchons à intégrer un(e)  Stagiaire Webmaster  passionné(e) pour soutenir la croissance de nos plateformes.   Votre Mission :     Création et Gestion Web   Rattaché(e) au développeur web, vous serez en charge des missions suivantes :   Travail approfondi sur WordPress (création, maintenance, optimisation des contenus).  Mise en œuvre des stratégies d'Inbound marketing et de Growth Hacking sur nos plateformes.  Assurer l'intégration de divers contenus (textes, images, vidéos) en respectant les standards SEO.  Réalisation de diverses tâches marketing...",N/A,N/A,N/A,N/A,N/A,2025-11-21,/offre-emploi-tunisie/stagiaire-webmaster-hf-teletravail-teletravail-310307,https://www.emploitunisie.com/sites/emploitunisie.com/files/styles/thumbnail/public/logo/logo_37.jpg?itok=hZpPCdr6
Emploitunisie,Technicien d’Atelier – Appui chef d’atelier - Sakiet Ezzit,SPCM,"Nous sommes à la recherche d'un  Technicien d’Atelier – Appui chef d’atelier.    Missions principales :     Préparer et monter les moules (nettoyage, graissage, mise en place) pour la production.    Assister le chef d’atelier lors du lancement de la production et vérification des premières pièces.    Surveiller le process et contrôler la qualité des pièces produites.    Gérer le matériel et l’outillage : rangement, inventaire, maintenance de premier niveau.    Soutenir l’équipe de production dans les tâches techniques et logistiques.    Signaler tout problème technique ou de qualité au chef d’atelier.",N/A,N/A,N/A,N/A,N/A,2025-11-21,/offre-emploi-tunisie/technicien-atelier-appui-chef-atelier-sakiet-ezzit-310359,https://www.emploitunisie.com/sites/all/themes/africawork3/img/default-logo.png
Emploitunisie,Ouvrier Conditionnement - ZI Sidi Daoued La Marsa,HEISENBERG LABORATORY,"Nous sommes à la recherche des  Ouvriers Conditionnement.   Vous participerez au processus de remplissage, étiquetage et conditionnement des produits dermocosmétiques fabriqués par Heisenberg Laboratory, dans le respect des normes qualité et bonnes pratiques de fabrication.",N/A,N/A,N/A,N/A,N/A,2025-11-21,/offre-emploi-tunisie/ouvrier-conditionnement-zi-sidi-daoued-marsa-310397,https://www.emploitunisie.com/sites/emploitunisie.com/files/styles/thumbnail/public/logo/heisenberg_labo.png?itok=tVZ8r13Q
Emploitunisie,Téléconseillère Italophone - Tunis,VOCALLINE,"Société : Entreprise française spécialisée dans l’organisation des séjours médico touristique  recrute pour son site à Tunis : Des  Téléconseillères  maîtrisant parfaitement l'italien.   Missions principales :    Assurer le suivi des demandes des patients italiens  Être le premier point de contact : informer, accompagner et rassurer les patients  Participer à la préparation des séjours médicaux (communication, coordination)  Utiliser efficacement les outils de gestion (CRM, mails, appels)",N/A,N/A,N/A,N/A,N/A,2025-11-21,/offre-emploi-tunisie/teleconseillere-italophone-tunis-310406,https://www.emploitunisie.com/sites/emploitunisie.com/files/styles/thumbnail/public/logo/logo_vocal-line.png?itok=WukCtUHf
Emploitunisie,Agent BPO (H/F) - Tunis,TOP MANAGEMENT,"Pour renforcer notre équipe, nous recherchons un(e)  Agent BPO  motivé(e) et dynamique.   Pourquoi rejoindre Top Management ?   Chez  Top Management , nous croyons au travail d’équipe, à l’ouverture et à la valorisation des talents.   Nous favorisons un climat de confiance et de respect mutuel.  Chaque collaborateur est encouragé à développer son potentiel.  Nos hiérarchies sont plates, favorisant la proximité et la communication directe.  La direction fait partie intégrante de l’équipe et s’engage pour le bien-être de ses collaborateurs.   La preuve : notre taux de fidélité et de satisfaction est parmi les plus élevés du secteur.   Vos missions    Effectuer des tâches de  saisie informatique  et de...",N/A,N/A,N/A,N/A,N/A,2025-11-21,/offre-emploi-tunisie/agent-bpo-hf-tunis-310527,https://www.emploitunisie.com/sites/emploitunisie.com/files/styles/thumbnail/public/logo/logo_topmanagement.png?itok=glmWa-jz
Emploitunisie,Assistante Administrative - Cité Olympique El Manzah,SUN SMILE TOURS,"Nous sommes une agence dynamique spécialisée dans le secteur du tourisme, service de transport. Nous plaçons la qualité du service et la satisfaction client au cœur de notre activité.   Missions principales   En tant qu’ assistante administrative , vous serez un soutien essentiel pour notre équipe et participerez à la bonne organisation de l’agence :    Gérer le suivi administratif et la saisie des dossiers.    Classer, archiver et organiser les documents internes.    Coordonner les tâches avec les différents services de l’agence.    Accueillir, orienter et renseigner les visiteurs ou clients.    Participer à l’organisation des réunions et événements internes.",N/A,N/A,N/A,N/A,N/A,2025-11-21,/offre-emploi-tunisie/assistante-administrative-cite-olympique-el-manzah-310719,https://www.emploitunisie.com/sites/emploitunisie.com/files/styles/thumbnail/public/logo/sun.png?itok=wxZJgxFc
Emploitunisie,Collaborateur Comptable - Tunis,WAJDI MAGHREBI,Cabinet de comptabilité cherche un  Collaborateur Comptable.,N/A,N/A,N/A,N/A,N/A,2025-11-21,/offre-emploi-tunisie/collaborateur-comptable-tunis-310795,https://www.emploitunisie.com/sites/all/themes/africawork3/img/default-logo.png
Emploitunisie,Agent de Réservation – Expérience Amadeus - Sousse,Didier Goemaere international,Nous recherchons un(e)  Agent(e) de Réservation expérimenté(e)  pour notre équipe à  Sousse .,N/A,N/A,N/A,N/A,N/A,2025-11-21,/offre-emploi-tunisie/agent-reservation-experience-amadeus-sousse-311295,https://www.emploitunisie.com/sites/emploitunisie.com/files/styles/thumbnail/public/logo/dgi.jpg?itok=qrhjNRlC
Emploitunisie,Vendeuse - La Soukra,SOCIETE AMINA OPTIQUE DISTRIBUTION ET COMPAGNIE,"Nous sommes à la recherche des  Vendeuses.    Missions :    Accueillir les clients, et identifier leurs besoins.  Présenter les produits et leurs caractéristiques.  Informer sur le prix et les conditions de paiement.  Assurer l’exposition des produits et l’organisation générale du magasin.  Assurer le suivi des ventes réalisées.  conseiller les clients sur l’esthétisme et le confort des montures  Veiller à fidéliser les clients.",N/A,N/A,N/A,N/A,N/A,2025-11-21,/offre-emploi-tunisie/vendeuse-soukra-311303,https://www.emploitunisie.com/sites/all/themes/africawork3/img/default-logo.png
Emploitunisie,Courtier(ère) en Énergie B2B (Télétravail) - France,GRID ENERGIES,"GRID ÉNERGIES, acteur majeur et en pleine croissance du courtage en énergie pour les professionnels, recrute des  Conseillers Commerciaux B2B (H/F)  dotés d'un fort tempérament commercial. Vous maîtrisez la prospection, visez une rémunération d'exception et cherchez à devenir un expert du marché de l'énergie ? Rejoignez notre équipe en télétravail.   Vos Missions :   L'Optimisation Énergétique au Service des Professionnels En tant que Courtier B2B, vous êtes le consultant privilégié de nos clients entreprises (PME/PMI, ETI) sur leurs contrats Gaz et Électricité :   Chasse et Développement : Constituer et développer activement votre portefeuille client via des outils de prospection performants.  Analyse...",N/A,N/A,N/A,N/A,N/A,2025-11-21,/offre-emploi-tunisie/courtierere-energie-b2b-teletravail-france-311326,https://www.emploitunisie.com/sites/emploitunisie.com/files/styles/thumbnail/public/logo/grid.png?itok=ORnzu6fT
Emploitunisie,Vendeuse - Tunis,BEST COIF,"Une entreprise spécialisée dans la vente de  parfums et de produits cosmétiques  recherche des  Vendeuses expérimentées , notamment dans les  produits de beauté et de soins de la peau .   Conditions requises :     Expérience préalable dans le domaine des cosmétiques ou des parfums    Bonne capacité de communication et de persuasion    Présentation soignée et goût du service     Horaires :  de 8h à 16h (avec une heure de pause)  Lieu de travail :  Tunis, centre-ville",N/A,N/A,N/A,N/A,N/A,2025-11-21,/offre-emploi-tunisie/vendeuse-tunis-311383,https://www.emploitunisie.com/sites/emploitunisie.com/files/styles/thumbnail/public/logo/best_coif.jpg?itok=4TxcAzv5
Emploitunisie,"Assistant(e) Comptable - Tunis-El Hrairia, Ezzahrouni, 2051",BAC CONSULTING,"Dans le cadre du renforcement de notre équipe, nous recherchons une  Assistant(e) Comptable  motivée, rigoureuse et organisée pour assurer la gestion quotidienne des opérations comptables et contribuer au bon fonctionnement du service financier.   Missions principales :     Saisie et classement des pièces comptables (factures, relevés bancaires, notes de frais...)    Suivi des paiements clients et fournisseurs    Réconciliation bancaire et lettrage des comptes    Préparation des déclarations fiscales et sociales (TVA, CNSS, etc.)    Assistance dans l’élaboration des états financiers mensuels et annuels    Collaboration avec le cabinet comptable/expert-comptable    Archivage et gestion documentaire",N/A,N/A,N/A,N/A,N/A,2025-11-21,/offre-emploi-tunisie/assistante-comptable-tunis-el-hrairia-ezzahrouni-2051-311521,https://www.emploitunisie.com/sites/emploitunisie.com/files/styles/thumbnail/public/logo/logo_bac.jpg?itok=Y4aVMrn5
